incident_id,timestamp,incidents_type,severity,category,status,description
INC-1000,2025-08-06 16:34:18,Phishing,Medium,Misconfiguration,Closed,Synthetic incident description #0
INC-1001,2024-12-28 21:45:39,Insider Threat,Critical,DDoS,In Progress,Synthetic incident description #1
INC-1002,2025-07-06 07:44:13,Insider Threat,Medium,Insider Threat,In Progress,Synthetic incident description #2
INC-1003,2025-01-27 22:14:13,Phishing,High,Insider Threat,Open,Synthetic incident description #3
INC-1004,2024-12-28 06:08:16,Insider Threat,Medium,Malware,Open,Synthetic incident description #4
INC-1005,2025-11-29 10:01:55,Insider Threat,Medium,Malware,Open,Synthetic incident description #5
INC-1006,2025-02-02 11:15:10,Insider Threat,Low,Misconfiguration,Resolved,Synthetic incident description #6
INC-1007,2025-02-26 04:18:48,Malware,High,DDoS,Closed,Synthetic incident description #7
INC-1008,2025-02-01 04:58:28,Misconfiguration,Medium,DDoS,Closed,Synthetic incident description #8
INC-1009,2025-02-05 11:50:32,Phishing,Medium,Insider Threat,Open,Synthetic incident description #9
INC-1010,2025-05-10 19:51:49,Insider Threat,High,Malware,Open,Synthetic incident description #10
INC-1011,2025-01-09 01:07:12,Malware,High,Insider Threat,Closed,Synthetic incident description #11
INC-1012,2025-10-29 11:21:40,Insider Threat,Critical,DDoS,Resolved,Synthetic incident description #12
INC-1013,2025-06-07 00:23:21,Misconfiguration,Critical,Malware,In Progress,Synthetic incident description #13
INC-1014,2025-10-16 02:12:19,Insider Threat,Medium,Insider Threat,In Progress,Synthetic incident description #14
INC-1015,2025-05-02 18:58:09,Malware,Medium,Misconfiguration,Closed,Synthetic incident description #15
INC-1016,2025-06-27 21:09:55,Misconfiguration,Medium,Insider Threat,Closed,Synthetic incident description #16
INC-1017,2025-04-09 07:47:34,DDoS,Low,Phishing,Resolved,Synthetic incident description #17
INC-1018,2025-11-30 04:14:31,Insider Threat,Medium,Misconfiguration,Resolved,Synthetic incident description #18
INC-1019,2024-12-26 11:43:34,Phishing,Medium,Malware,Resolved,Synthetic incident description #19
INC-1020,2024-12-26 06:29:39,Insider Threat,Medium,DDoS,Open,Synthetic incident description #20
INC-1021,2025-07-03 00:24:13,DDoS,Critical,Phishing,Closed,Synthetic incident description #21
INC-1022,2025-03-09 07:18:06,DDoS,Critical,Malware,Open,Synthetic incident description #22
INC-1023,2025-06-21 17:04:21,Insider Threat,Medium,Misconfiguration,Closed,Synthetic incident description #23
INC-1024,2025-07-01 02:19:15,DDoS,Low,Insider Threat,Resolved,Synthetic incident description #24
INC-1025,2025-09-10 01:08:05,DDoS,High,Insider Threat,Closed,Synthetic incident description #25
INC-1026,2024-12-15 18:22:50,DDoS,Low,DDoS,Resolved,Synthetic incident description #26
INC-1027,2025-01-09 15:19:15,Phishing,Low,Misconfiguration,In Progress,Synthetic incident description #27
INC-1028,2025-11-11 20:47:13,Phishing,Critical,DDoS,Open,Synthetic incident description #28
INC-1029,2025-08-26 11:36:21,Misconfiguration,High,DDoS,Open,Synthetic incident description #29
INC-1030,2025-07-21 09:56:00,Misconfiguration,Critical,Insider Threat,In Progress,Synthetic incident description #30
INC-1031,2025-01-28 14:29:24,DDoS,Low,Phishing,Closed,Synthetic incident description #31
INC-1032,2025-01-13 08:46:39,Insider Threat,Medium,Misconfiguration,Open,Synthetic incident description #32
INC-1033,2025-08-14 23:45:47,Phishing,Medium,Malware,In Progress,Synthetic incident description #33
INC-1034,2025-01-16 09:36:50,Misconfiguration,Low,DDoS,Open,Synthetic incident description #34
INC-1035,2025-12-03 16:32:20,Phishing,High,Misconfiguration,Open,Synthetic incident description #35
INC-1036,2025-05-01 02:55:54,Insider Threat,Low,Phishing,Open,Synthetic incident description #36
INC-1037,2025-08-15 06:45:28,Insider Threat,Critical,DDoS,Resolved,Synthetic incident description #37
INC-1038,2025-05-07 11:31:34,Insider Threat,Medium,Malware,Closed,Synthetic incident description #38
INC-1039,2025-02-10 07:58:04,Misconfiguration,High,Malware,Closed,Synthetic incident description #39
INC-1040,2025-04-18 03:17:03,Insider Threat,Critical,Malware,Closed,Synthetic incident description #40
INC-1041,2025-08-30 23:22:10,Misconfiguration,Medium,Insider Threat,Closed,Synthetic incident description #41
INC-1042,2025-05-05 17:33:16,Misconfiguration,Low,DDoS,Resolved,Synthetic incident description #42
INC-1043,2025-09-26 23:19:27,Misconfiguration,Low,Misconfiguration,Resolved,Synthetic incident description #43
INC-1044,2025-06-28 19:43:16,DDoS,Low,Misconfiguration,In Progress,Synthetic incident description #44
INC-1045,2025-08-12 15:17:58,Phishing,High,Phishing,Open,Synthetic incident description #45
INC-1046,2025-09-05 02:16:13,DDoS,Low,Malware,Resolved,Synthetic incident description #46
INC-1047,2025-04-07 18:43:04,DDoS,Critical,Phishing,Closed,Synthetic incident description #47
INC-1048,2025-07-17 23:10:28,DDoS,Low,Phishing,In Progress,Synthetic incident description #48
INC-1049,2025-03-21 00:04:29,Misconfiguration,Low,Malware,In Progress,Synthetic incident description #49
INC-1050,2025-03-25 20:20:23,Phishing,Critical,Insider Threat,In Progress,Synthetic incident description #50
INC-1051,2024-12-31 01:57:39,Insider Threat,Critical,Phishing,Open,Synthetic incident description #51
INC-1052,2025-10-05 09:51:38,DDoS,Low,Insider Threat,Open,Synthetic incident description #52
INC-1053,2025-04-11 21:31:23,Insider Threat,Low,Phishing,Closed,Synthetic incident description #53
INC-1054,2025-02-06 01:06:00,DDoS,Medium,Phishing,Open,Synthetic incident description #54
INC-1055,2025-05-27 04:45:58,Insider Threat,Medium,Malware,Resolved,Synthetic incident description #55
INC-1056,2025-09-18 14:30:07,Insider Threat,Low,DDoS,Open,Synthetic incident description #56
INC-1057,2025-06-20 20:11:05,Insider Threat,Critical,Insider Threat,Closed,Synthetic incident description #57
INC-1058,2025-01-21 06:10:29,Malware,High,Phishing,In Progress,Synthetic incident description #58
INC-1059,2025-02-01 11:55:25,Malware,Medium,DDoS,Resolved,Synthetic incident description #59
INC-1060,2024-12-16 18:12:59,Phishing,Low,Phishing,Closed,Synthetic incident description #60
INC-1061,2025-07-19 10:14:33,Phishing,Low,Phishing,Closed,Synthetic incident description #61
INC-1062,2025-09-03 17:43:46,Phishing,High,Misconfiguration,Open,Synthetic incident description #62
INC-1063,2025-03-25 08:52:49,Phishing,Medium,DDoS,Resolved,Synthetic incident description #63
INC-1064,2025-06-26 13:08:43,Phishing,Critical,DDoS,Resolved,Synthetic incident description #64
INC-1065,2025-09-01 05:34:43,Malware,Medium,Phishing,In Progress,Synthetic incident description #65
INC-1066,2024-12-24 20:36:30,Phishing,Medium,Misconfiguration,Open,Synthetic incident description #66
INC-1067,2025-04-16 21:41:37,Phishing,Medium,Insider Threat,Resolved,Synthetic incident description #67
INC-1068,2025-01-15 16:47:45,Malware,Low,Malware,In Progress,Synthetic incident description #68
INC-1069,2025-05-03 14:33:34,Insider Threat,Critical,DDoS,Open,Synthetic incident description #69
INC-1070,2025-09-30 05:07:14,Insider Threat,Medium,DDoS,Open,Synthetic incident description #70
INC-1071,2025-05-31 12:27:44,Insider Threat,Medium,Phishing,Open,Synthetic incident description #71
INC-1072,2025-08-21 20:51:14,Insider Threat,Low,Insider Threat,Closed,Synthetic incident description #72
INC-1073,2025-08-24 11:29:14,Insider Threat,Low,DDoS,In Progress,Synthetic incident description #73
INC-1074,2025-10-01 13:08:55,DDoS,Low,Insider Threat,Open,Synthetic incident description #74
INC-1075,2025-10-02 09:24:09,Misconfiguration,Medium,DDoS,Open,Synthetic incident description #75
INC-1076,2025-05-30 21:13:17,Malware,High,Phishing,Resolved,Synthetic incident description #76
INC-1077,2025-12-09 21:27:53,Misconfiguration,Medium,Malware,Open,Synthetic incident description #77
INC-1078,2025-04-09 07:40:20,Malware,Low,Misconfiguration,In Progress,Synthetic incident description #78
INC-1079,2025-03-24 15:12:46,Misconfiguration,Critical,Insider Threat,Closed,Synthetic incident description #79
INC-1080,2025-04-19 10:00:48,Insider Threat,Low,Phishing,Resolved,Synthetic incident description #80
INC-1081,2025-09-26 17:16:54,Malware,Low,Insider Threat,In Progress,Synthetic incident description #81
INC-1082,2025-04-01 06:53:25,Phishing,Medium,Phishing,In Progress,Synthetic incident description #82
INC-1083,2025-06-07 06:45:12,Misconfiguration,Medium,Malware,Open,Synthetic incident description #83
INC-1084,2025-09-30 20:05:58,Misconfiguration,Medium,Insider Threat,Resolved,Synthetic incident description #84
INC-1085,2025-06-23 05:47:49,Phishing,Critical,Insider Threat,In Progress,Synthetic incident description #85
INC-1086,2025-09-23 04:01:08,DDoS,Medium,DDoS,Closed,Synthetic incident description #86
INC-1087,2025-11-02 06:02:24,Malware,Low,Malware,In Progress,Synthetic incident description #87
INC-1088,2025-03-27 15:32:40,DDoS,Critical,Misconfiguration,Closed,Synthetic incident description #88
INC-1089,2025-06-23 10:21:18,Insider Threat,High,Phishing,Resolved,Synthetic incident description #89
INC-1090,2025-07-15 05:37:25,Misconfiguration,High,DDoS,In Progress,Synthetic incident description #90
INC-1091,2025-03-27 07:50:52,Insider Threat,Medium,Malware,Closed,Synthetic incident description #91
INC-1092,2025-10-26 15:31:19,Insider Threat,Medium,Insider Threat,In Progress,Synthetic incident description #92
INC-1093,2025-10-10 02:34:40,Malware,Low,Misconfiguration,Resolved,Synthetic incident description #93
INC-1094,2025-09-28 08:13:29,Insider Threat,High,DDoS,Resolved,Synthetic incident description #94
INC-1095,2025-08-04 21:53:51,Misconfiguration,Low,Malware,Closed,Synthetic incident description #95
INC-1096,2025-09-13 00:09:39,Phishing,Low,Malware,Resolved,Synthetic incident description #96
INC-1097,2025-05-11 23:06:05,Malware,Low,Phishing,Closed,Synthetic incident description #97
INC-1098,2025-06-21 10:01:35,Insider Threat,High,Malware,Open,Synthetic incident description #98
INC-1099,2025-02-12 02:17:49,DDoS,High,Misconfiguration,Closed,Synthetic incident description #99
INC-1100,2025-03-23 06:22:42,DDoS,High,Insider Threat,Closed,Synthetic incident description #100
INC-1101,2025-03-09 10:58:20,DDoS,High,Misconfiguration,Closed,Synthetic incident description #101
INC-1102,2025-05-26 06:11:13,Malware,High,Phishing,In Progress,Synthetic incident description #102
INC-1103,2025-05-24 04:54:16,Phishing,Critical,Misconfiguration,Resolved,Synthetic incident description #103
INC-1104,2025-08-30 12:23:12,Misconfiguration,Critical,Insider Threat,Resolved,Synthetic incident description #104
INC-1105,2025-05-18 22:53:02,Misconfiguration,Critical,Misconfiguration,Closed,Synthetic incident description #105
INC-1106,2025-09-12 05:12:30,Phishing,Medium,DDoS,In Progress,Synthetic incident description #106
INC-1107,2025-11-28 01:58:03,Insider Threat,Critical,DDoS,Open,Synthetic incident description #107
INC-1108,2025-06-24 02:33:59,Malware,Critical,Misconfiguration,Open,Synthetic incident description #108
INC-1109,2025-04-10 04:21:27,Misconfiguration,Medium,Phishing,Resolved,Synthetic incident description #109
INC-1110,2025-02-01 05:28:18,Insider Threat,High,Insider Threat,Closed,Synthetic incident description #110
INC-1111,2025-09-04 13:49:39,Misconfiguration,High,Malware,In Progress,Synthetic incident description #111
INC-1112,2025-06-03 01:22:01,Misconfiguration,Critical,Insider Threat,Closed,Synthetic incident description #112
INC-1113,2025-05-24 06:56:15,Misconfiguration,Low,Insider Threat,Closed,Synthetic incident description #113
INC-1114,2025-12-09 16:17:47,Phishing,Critical,DDoS,Closed,Synthetic incident description #114
INC-1115,2025-08-28 05:31:03,Insider Threat,Medium,Malware,Open,Synthetic incident description #115
INC-1116,2025-01-09 03:25:44,DDoS,Critical,Phishing,In Progress,Synthetic incident description #116
INC-1117,2025-06-30 20:01:54,Misconfiguration,High,DDoS,Open,Synthetic incident description #117
INC-1118,2025-05-05 09:37:35,Malware,High,Malware,In Progress,Synthetic incident description #118
INC-1119,2025-06-13 06:40:29,DDoS,Low,Malware,Resolved,Synthetic incident description #119
INC-1120,2025-10-24 01:03:18,Phishing,High,DDoS,Open,Synthetic incident description #120
INC-1121,2025-04-19 00:10:40,Phishing,Low,DDoS,Closed,Synthetic incident description #121
INC-1122,2025-04-13 04:01:12,Phishing,High,DDoS,Open,Synthetic incident description #122
INC-1123,2025-03-27 00:48:22,Misconfiguration,Medium,Insider Threat,Resolved,Synthetic incident description #123
INC-1124,2025-05-21 01:21:33,Malware,High,Phishing,In Progress,Synthetic incident description #124
INC-1125,2025-05-23 07:35:38,Misconfiguration,Low,Malware,In Progress,Synthetic incident description #125
INC-1126,2025-08-14 12:22:21,Insider Threat,Critical,Phishing,Open,Synthetic incident description #126
INC-1127,2025-07-21 19:53:30,Misconfiguration,Medium,DDoS,Closed,Synthetic incident description #127
INC-1128,2025-11-07 01:55:26,Insider Threat,Medium,Misconfiguration,Closed,Synthetic incident description #128
INC-1129,2025-07-27 04:01:32,DDoS,High,Misconfiguration,Open,Synthetic incident description #129
INC-1130,2025-02-11 00:52:35,Misconfiguration,Low,Malware,Resolved,Synthetic incident description #130
INC-1131,2025-07-10 22:11:22,Misconfiguration,High,DDoS,In Progress,Synthetic incident description #131
INC-1132,2025-02-03 08:35:18,Misconfiguration,Critical,DDoS,In Progress,Synthetic incident description #132
INC-1133,2025-08-19 15:16:26,Malware,Low,Insider Threat,In Progress,Synthetic incident description #133
INC-1134,2025-08-17 22:23:21,Phishing,High,Malware,Open,Synthetic incident description #134
INC-1135,2025-08-19 03:50:59,Phishing,Low,Insider Threat,Open,Synthetic incident description #135
INC-1136,2025-11-14 01:35:14,Phishing,Critical,Insider Threat,In Progress,Synthetic incident description #136
INC-1137,2025-10-26 20:10:24,DDoS,Critical,DDoS,Resolved,Synthetic incident description #137
INC-1138,2025-09-04 23:15:02,Misconfiguration,Low,Phishing,In Progress,Synthetic incident description #138
INC-1139,2025-03-02 04:54:36,Misconfiguration,Low,DDoS,In Progress,Synthetic incident description #139
INC-1140,2025-05-31 00:06:59,DDoS,High,Phishing,Closed,Synthetic incident description #140
INC-1141,2025-03-14 22:55:35,DDoS,Low,Malware,Closed,Synthetic incident description #141
INC-1142,2025-03-18 08:58:05,Misconfiguration,High,DDoS,Resolved,Synthetic incident description #142
INC-1143,2025-12-12 01:08:34,Malware,Critical,Misconfiguration,Resolved,Synthetic incident description #143
INC-1144,2025-08-05 05:08:41,Insider Threat,High,DDoS,In Progress,Synthetic incident description #144
INC-1145,2025-08-14 03:42:23,Misconfiguration,Low,Insider Threat,Closed,Synthetic incident description #145
INC-1146,2025-11-22 23:57:22,Phishing,Medium,Malware,Resolved,Synthetic incident description #146
INC-1147,2025-01-22 12:41:48,Insider Threat,Critical,Insider Threat,Resolved,Synthetic incident description #147
INC-1148,2025-06-26 03:10:38,Misconfiguration,High,Malware,Resolved,Synthetic incident description #148
INC-1149,2025-07-06 08:43:13,Insider Threat,High,Phishing,Open,Synthetic incident description #149
INC-1150,2025-06-04 05:35:46,DDoS,Medium,DDoS,Resolved,Synthetic incident description #150
INC-1151,2025-12-02 11:45:12,DDoS,Critical,Phishing,In Progress,Synthetic incident description #151
INC-1152,2025-11-20 22:57:43,Misconfiguration,Critical,Malware,Resolved,Synthetic incident description #152
INC-1153,2025-11-11 20:04:26,Malware,Medium,DDoS,Open,Synthetic incident description #153
INC-1154,2025-07-18 14:19:49,Misconfiguration,High,Insider Threat,Open,Synthetic incident description #154
INC-1155,2025-09-17 10:13:26,Misconfiguration,Low,Insider Threat,Closed,Synthetic incident description #155
INC-1156,2025-07-21 06:50:56,Malware,Low,Malware,Open,Synthetic incident description #156
INC-1157,2025-07-28 12:57:56,DDoS,Critical,Insider Threat,Open,Synthetic incident description #157
INC-1158,2025-10-28 03:43:48,Malware,Medium,DDoS,Open,Synthetic incident description #158
INC-1159,2025-08-23 05:55:57,Misconfiguration,High,Malware,In Progress,Synthetic incident description #159
INC-1160,2025-12-07 12:33:44,DDoS,Critical,Malware,Resolved,Synthetic incident description #160
INC-1161,2025-03-02 13:36:53,DDoS,Critical,Phishing,Open,Synthetic incident description #161
INC-1162,2025-01-28 17:33:51,Malware,Low,Misconfiguration,In Progress,Synthetic incident description #162
INC-1163,2025-07-16 23:34:58,Misconfiguration,High,Phishing,In Progress,Synthetic incident description #163
INC-1164,2025-04-01 01:41:26,Phishing,High,DDoS,Closed,Synthetic incident description #164
INC-1165,2025-05-12 15:44:15,Misconfiguration,Medium,DDoS,Open,Synthetic incident description #165
INC-1166,2025-03-29 09:56:02,DDoS,Low,Misconfiguration,Closed,Synthetic incident description #166
INC-1167,2025-09-19 01:00:08,Malware,Medium,Malware,Closed,Synthetic incident description #167
INC-1168,2025-10-26 08:35:06,Phishing,Medium,Malware,Resolved,Synthetic incident description #168
INC-1169,2025-01-20 22:11:28,Phishing,Medium,Misconfiguration,In Progress,Synthetic incident description #169
INC-1170,2025-02-22 01:14:43,DDoS,Medium,Malware,In Progress,Synthetic incident description #170
INC-1171,2025-01-19 23:48:07,Insider Threat,Critical,DDoS,Open,Synthetic incident description #171
INC-1172,2025-02-07 12:59:15,Phishing,Low,Malware,Closed,Synthetic incident description #172
INC-1173,2025-04-09 22:32:31,Insider Threat,Critical,Insider Threat,Open,Synthetic incident description #173
INC-1174,2025-07-28 05:05:43,Insider Threat,Critical,Insider Threat,Resolved,Synthetic incident description #174
INC-1175,2025-07-01 15:56:54,Malware,Medium,Malware,Open,Synthetic incident description #175
INC-1176,2025-07-25 23:41:34,Insider Threat,High,Phishing,Resolved,Synthetic incident description #176
INC-1177,2025-07-27 15:55:40,Phishing,Low,Misconfiguration,Open,Synthetic incident description #177
INC-1178,2025-08-25 12:52:37,DDoS,High,Insider Threat,In Progress,Synthetic incident description #178
INC-1179,2025-08-24 22:36:44,DDoS,Medium,Misconfiguration,Open,Synthetic incident description #179
INC-1180,2025-10-30 22:20:03,Misconfiguration,High,Insider Threat,Open,Synthetic incident description #180
INC-1181,2025-06-18 02:36:02,Phishing,Low,Misconfiguration,Open,Synthetic incident description #181
INC-1182,2025-05-23 09:53:14,Malware,Low,Insider Threat,Resolved,Synthetic incident description #182
INC-1183,2025-12-14 03:04:32,Misconfiguration,Critical,Phishing,In Progress,Synthetic incident description #183
INC-1184,2025-11-13 16:57:58,Malware,Critical,Phishing,Open,Synthetic incident description #184
INC-1185,2025-02-22 18:17:49,Insider Threat,Medium,Misconfiguration,In Progress,Synthetic incident description #185
INC-1186,2025-07-05 07:18:59,Insider Threat,High,DDoS,Resolved,Synthetic incident description #186
INC-1187,2025-01-08 05:31:18,Phishing,Low,Misconfiguration,Closed,Synthetic incident description #187
INC-1188,2025-05-13 19:41:44,DDoS,High,Phishing,Closed,Synthetic incident description #188
INC-1189,2025-03-25 00:19:39,Malware,High,Malware,Open,Synthetic incident description #189
INC-1190,2025-12-04 06:39:32,Malware,High,Insider Threat,Open,Synthetic incident description #190
INC-1191,2025-04-24 12:07:44,Insider Threat,High,Misconfiguration,Closed,Synthetic incident description #191
INC-1192,2025-05-22 08:41:02,Insider Threat,Critical,Phishing,Closed,Synthetic incident description #192
INC-1193,2024-12-25 20:54:46,DDoS,High,Insider Threat,In Progress,Synthetic incident description #193
INC-1194,2025-12-03 10:46:06,Insider Threat,Medium,Insider Threat,In Progress,Synthetic incident description #194
INC-1195,2025-08-26 08:20:38,Misconfiguration,Low,Malware,Open,Synthetic incident description #195
INC-1196,2025-09-11 18:54:19,Malware,High,Malware,Resolved,Synthetic incident description #196
INC-1197,2025-03-08 17:39:20,Insider Threat,High,Misconfiguration,In Progress,Synthetic incident description #197
INC-1198,2025-09-02 13:00:46,DDoS,Low,Insider Threat,In Progress,Synthetic incident description #198
INC-1199,2025-03-23 07:32:28,Insider Threat,High,DDoS,Open,Synthetic incident description #199
INC-1200,2025-02-25 13:30:41,Misconfiguration,Critical,DDoS,Closed,Synthetic incident description #200
INC-1201,2025-10-21 14:37:44,Malware,Low,Insider Threat,Open,Synthetic incident description #201
INC-1202,2025-08-29 12:26:42,Malware,Medium,Insider Threat,Resolved,Synthetic incident description #202
INC-1203,2025-01-20 10:05:49,Malware,Low,Insider Threat,Closed,Synthetic incident description #203
INC-1204,2025-08-27 17:23:46,Phishing,High,Insider Threat,In Progress,Synthetic incident description #204
INC-1205,2025-08-03 11:52:43,Malware,High,Malware,Closed,Synthetic incident description #205
INC-1206,2025-01-01 20:24:28,Misconfiguration,Critical,Insider Threat,Resolved,Synthetic incident description #206
INC-1207,2025-08-08 15:04:00,Misconfiguration,Medium,Misconfiguration,In Progress,Synthetic incident description #207
INC-1208,2025-03-07 14:19:44,Phishing,Medium,Malware,Resolved,Synthetic incident description #208
INC-1209,2025-11-08 10:30:24,Malware,Low,Phishing,Resolved,Synthetic incident description #209
INC-1210,2025-08-08 19:38:23,DDoS,Critical,Misconfiguration,Open,Synthetic incident description #210
INC-1211,2025-12-08 15:54:13,Misconfiguration,Medium,Malware,In Progress,Synthetic incident description #211
INC-1212,2025-01-08 17:41:52,Insider Threat,Medium,Insider Threat,Closed,Synthetic incident description #212
INC-1213,2025-05-03 15:56:23,Phishing,High,Phishing,Resolved,Synthetic incident description #213
INC-1214,2025-02-02 05:52:13,Phishing,High,Misconfiguration,Resolved,Synthetic incident description #214
INC-1215,2025-08-29 00:30:27,Misconfiguration,High,Phishing,Resolved,Synthetic incident description #215
INC-1216,2025-02-12 07:32:03,Phishing,Medium,Malware,Open,Synthetic incident description #216
INC-1217,2025-05-23 14:44:15,Malware,Medium,Misconfiguration,Resolved,Synthetic incident description #217
INC-1218,2025-03-21 02:32:27,Phishing,Critical,Phishing,Open,Synthetic incident description #218
INC-1219,2025-11-06 04:55:41,Phishing,Critical,DDoS,Closed,Synthetic incident description #219
INC-1220,2025-03-02 14:50:35,Misconfiguration,Critical,Malware,Closed,Synthetic incident description #220
INC-1221,2024-12-24 16:36:15,Misconfiguration,High,Phishing,In Progress,Synthetic incident description #221
INC-1222,2025-01-22 02:30:12,Insider Threat,Critical,Phishing,Closed,Synthetic incident description #222
INC-1223,2025-11-18 15:53:18,Phishing,Low,DDoS,In Progress,Synthetic incident description #223
INC-1224,2025-03-19 18:24:16,Misconfiguration,Medium,Misconfiguration,In Progress,Synthetic incident description #224
INC-1225,2025-02-27 19:40:47,Malware,Critical,Malware,In Progress,Synthetic incident description #225
INC-1226,2025-02-04 10:08:27,DDoS,Medium,Phishing,Resolved,Synthetic incident description #226
INC-1227,2025-08-10 07:03:14,Insider Threat,High,Misconfiguration,In Progress,Synthetic incident description #227
INC-1228,2025-11-08 19:49:56,Insider Threat,Critical,Phishing,In Progress,Synthetic incident description #228
INC-1229,2025-03-18 11:53:15,DDoS,High,DDoS,Resolved,Synthetic incident description #229
INC-1230,2025-08-26 13:50:37,Malware,Low,Malware,Closed,Synthetic incident description #230
INC-1231,2025-07-19 00:49:04,DDoS,Critical,Insider Threat,Open,Synthetic incident description #231
INC-1232,2025-07-13 07:34:34,Phishing,Low,Misconfiguration,Resolved,Synthetic incident description #232
INC-1233,2024-12-31 22:38:51,Insider Threat,Medium,Insider Threat,Resolved,Synthetic incident description #233
INC-1234,2025-10-09 09:03:14,DDoS,High,Malware,Resolved,Synthetic incident description #234
INC-1235,2025-03-14 11:55:41,Insider Threat,Critical,Insider Threat,Open,Synthetic incident description #235
INC-1236,2025-09-18 06:57:47,DDoS,High,Phishing,Resolved,Synthetic incident description #236
INC-1237,2025-12-10 21:16:54,Misconfiguration,Medium,Misconfiguration,Resolved,Synthetic incident description #237
INC-1238,2025-04-30 14:41:38,Insider Threat,Critical,DDoS,Closed,Synthetic incident description #238
INC-1239,2025-11-14 00:44:56,Malware,High,Phishing,Closed,Synthetic incident description #239
INC-1240,2025-04-14 18:12:27,DDoS,Medium,Malware,Open,Synthetic incident description #240
INC-1241,2025-10-17 23:15:26,Misconfiguration,Critical,DDoS,Open,Synthetic incident description #241
INC-1242,2025-01-31 13:06:45,DDoS,Low,Malware,Closed,Synthetic incident description #242
INC-1243,2025-07-25 08:21:54,Insider Threat,Critical,Misconfiguration,Closed,Synthetic incident description #243
INC-1244,2025-04-02 05:55:17,Misconfiguration,High,DDoS,Closed,Synthetic incident description #244
INC-1245,2025-08-28 14:04:23,Phishing,Medium,Phishing,Open,Synthetic incident description #245
INC-1246,2025-04-03 10:11:44,Phishing,High,DDoS,Open,Synthetic incident description #246
INC-1247,2025-01-27 07:50:25,Insider Threat,Medium,DDoS,In Progress,Synthetic incident description #247
INC-1248,2025-01-11 23:23:49,Phishing,Critical,Misconfiguration,Open,Synthetic incident description #248
INC-1249,2025-06-27 18:55:31,Insider Threat,Critical,DDoS,In Progress,Synthetic incident description #249
INC-1250,2025-03-15 00:42:37,Malware,Medium,Malware,Open,Synthetic incident description #250
INC-1251,2025-01-16 14:19:39,Phishing,High,Phishing,In Progress,Synthetic incident description #251
INC-1252,2025-01-12 19:07:08,Malware,High,Phishing,Resolved,Synthetic incident description #252
INC-1253,2025-03-15 14:46:26,DDoS,High,Insider Threat,In Progress,Synthetic incident description #253
INC-1254,2025-08-17 07:41:08,Malware,Medium,Malware,In Progress,Synthetic incident description #254
INC-1255,2025-03-27 23:19:53,Malware,High,Misconfiguration,Open,Synthetic incident description #255
INC-1256,2025-01-08 01:06:58,DDoS,Medium,Misconfiguration,Closed,Synthetic incident description #256
INC-1257,2025-11-27 09:14:07,DDoS,Critical,DDoS,Open,Synthetic incident description #257
INC-1258,2025-04-10 12:36:01,DDoS,High,DDoS,In Progress,Synthetic incident description #258
INC-1259,2025-11-08 13:23:30,DDoS,Critical,DDoS,In Progress,Synthetic incident description #259
INC-1260,2025-03-23 03:15:35,Malware,Medium,DDoS,Closed,Synthetic incident description #260
INC-1261,2025-01-23 06:40:03,Phishing,Critical,Malware,Open,Synthetic incident description #261
INC-1262,2025-05-31 03:17:07,Misconfiguration,Medium,Malware,Closed,Synthetic incident description #262
INC-1263,2025-10-15 03:30:23,Phishing,Critical,Malware,Closed,Synthetic incident description #263
INC-1264,2025-08-29 23:10:30,Misconfiguration,High,Phishing,Closed,Synthetic incident description #264
INC-1265,2025-05-03 21:39:30,Insider Threat,High,DDoS,Resolved,Synthetic incident description #265
INC-1266,2025-04-09 06:06:44,Misconfiguration,Critical,Phishing,Closed,Synthetic incident description #266
INC-1267,2025-12-02 02:46:14,DDoS,Medium,DDoS,In Progress,Synthetic incident description #267
INC-1268,2025-05-20 09:12:14,Phishing,Medium,Insider Threat,Closed,Synthetic incident description #268
INC-1269,2025-08-08 08:47:44,Misconfiguration,High,Insider Threat,Open,Synthetic incident description #269
INC-1270,2025-11-20 08:01:37,Misconfiguration,High,Phishing,Resolved,Synthetic incident description #270
INC-1271,2025-12-03 21:14:16,Insider Threat,Low,Insider Threat,Closed,Synthetic incident description #271
INC-1272,2025-07-06 17:54:02,Misconfiguration,High,DDoS,Resolved,Synthetic incident description #272
INC-1273,2025-09-18 15:39:27,Insider Threat,Critical,Phishing,Closed,Synthetic incident description #273
INC-1274,2025-11-22 22:31:55,Misconfiguration,Critical,DDoS,Resolved,Synthetic incident description #274
INC-1275,2025-06-11 20:18:21,Insider Threat,Medium,Phishing,Resolved,Synthetic incident description #275
INC-1276,2025-02-01 11:31:54,Malware,Low,DDoS,Closed,Synthetic incident description #276
INC-1277,2025-07-09 18:25:20,Phishing,Medium,Phishing,In Progress,Synthetic incident description #277
INC-1278,2025-06-02 16:52:49,DDoS,High,Insider Threat,Closed,Synthetic incident description #278
INC-1279,2024-12-14 01:38:39,Misconfiguration,Low,Misconfiguration,In Progress,Synthetic incident description #279
INC-1280,2025-01-12 01:02:57,Misconfiguration,High,Misconfiguration,Resolved,Synthetic incident description #280
INC-1281,2025-02-01 15:27:29,DDoS,High,Misconfiguration,Closed,Synthetic incident description #281
INC-1282,2025-03-30 16:27:28,Misconfiguration,Critical,Malware,Open,Synthetic incident description #282
INC-1283,2024-12-13 21:19:49,Misconfiguration,High,Malware,Closed,Synthetic incident description #283
INC-1284,2025-08-12 17:45:42,Phishing,High,Phishing,In Progress,Synthetic incident description #284
INC-1285,2025-04-09 03:19:15,Malware,Medium,DDoS,Open,Synthetic incident description #285
INC-1286,2025-08-25 01:01:18,DDoS,Medium,DDoS,Closed,Synthetic incident description #286
INC-1287,2025-12-13 07:02:13,Phishing,Low,DDoS,Closed,Synthetic incident description #287
INC-1288,2025-12-09 10:08:29,DDoS,Low,Insider Threat,Closed,Synthetic incident description #288
INC-1289,2025-09-24 13:05:47,Insider Threat,Critical,Malware,In Progress,Synthetic incident description #289
INC-1290,2025-04-07 10:21:54,Phishing,Critical,Phishing,Closed,Synthetic incident description #290
INC-1291,2025-07-10 01:31:26,Phishing,Critical,DDoS,In Progress,Synthetic incident description #291
INC-1292,2025-01-09 14:00:23,Phishing,Low,Phishing,Resolved,Synthetic incident description #292
INC-1293,2025-02-04 22:14:58,Misconfiguration,Low,Insider Threat,Open,Synthetic incident description #293
INC-1294,2025-04-03 10:08:00,Insider Threat,Critical,Insider Threat,Resolved,Synthetic incident description #294
INC-1295,2025-07-16 16:14:19,Malware,High,DDoS,Closed,Synthetic incident description #295
INC-1296,2025-06-22 13:43:16,Malware,Critical,Misconfiguration,In Progress,Synthetic incident description #296
INC-1297,2025-04-18 17:41:09,Phishing,Low,Malware,Open,Synthetic incident description #297
INC-1298,2025-04-09 03:25:25,Phishing,Critical,Malware,In Progress,Synthetic incident description #298
INC-1299,2025-07-16 23:41:31,Insider Threat,High,DDoS,Closed,Synthetic incident description #299
INC-1300,2025-05-20 14:04:37,Insider Threat,Medium,DDoS,In Progress,Synthetic incident description #300
INC-1301,2025-01-21 06:55:24,DDoS,Critical,Phishing,Closed,Synthetic incident description #301
INC-1302,2025-02-26 15:53:17,Misconfiguration,Medium,DDoS,Open,Synthetic incident description #302
INC-1303,2025-05-04 13:08:33,Misconfiguration,Medium,Phishing,Open,Synthetic incident description #303
INC-1304,2025-12-08 07:09:27,Phishing,High,Misconfiguration,Open,Synthetic incident description #304
INC-1305,2024-12-17 08:28:34,Malware,Low,Misconfiguration,In Progress,Synthetic incident description #305
INC-1306,2025-02-10 03:51:47,Misconfiguration,High,Phishing,Open,Synthetic incident description #306
INC-1307,2025-10-18 10:24:14,Misconfiguration,High,Malware,In Progress,Synthetic incident description #307
INC-1308,2025-09-10 02:42:21,Misconfiguration,Critical,Malware,Closed,Synthetic incident description #308
INC-1309,2025-12-10 07:34:30,Insider Threat,Medium,Misconfiguration,Open,Synthetic incident description #309
INC-1310,2025-11-21 09:18:23,Malware,Low,DDoS,Resolved,Synthetic incident description #310
INC-1311,2025-10-08 03:41:47,Misconfiguration,Critical,Malware,Closed,Synthetic incident description #311
INC-1312,2025-09-08 10:27:29,DDoS,Critical,DDoS,Open,Synthetic incident description #312
INC-1313,2024-12-15 19:22:11,Malware,High,Insider Threat,Closed,Synthetic incident description #313
INC-1314,2025-04-20 11:09:04,Insider Threat,Medium,Malware,In Progress,Synthetic incident description #314
INC-1315,2025-08-08 12:18:34,Malware,Critical,Phishing,Closed,Synthetic incident description #315
INC-1316,2025-05-11 16:04:18,Phishing,Critical,Malware,In Progress,Synthetic incident description #316
INC-1317,2025-01-02 21:21:15,DDoS,Low,Phishing,Closed,Synthetic incident description #317
INC-1318,2025-08-06 01:09:58,Malware,Critical,Insider Threat,Resolved,Synthetic incident description #318
INC-1319,2025-02-11 07:19:40,Malware,Critical,DDoS,Closed,Synthetic incident description #319
INC-1320,2025-02-07 11:10:54,Misconfiguration,High,Misconfiguration,Open,Synthetic incident description #320
INC-1321,2025-08-20 10:09:21,Malware,Critical,Phishing,Resolved,Synthetic incident description #321
INC-1322,2024-12-25 14:06:19,DDoS,Low,Malware,Closed,Synthetic incident description #322
INC-1323,2025-08-24 00:05:53,Insider Threat,Medium,Malware,Open,Synthetic incident description #323
INC-1324,2025-06-05 23:16:16,DDoS,High,Phishing,In Progress,Synthetic incident description #324
INC-1325,2025-01-22 19:51:46,Insider Threat,Low,Malware,Resolved,Synthetic incident description #325
INC-1326,2025-11-23 03:02:54,Misconfiguration,Critical,Insider Threat,Open,Synthetic incident description #326
INC-1327,2025-11-16 20:13:08,Insider Threat,Low,Insider Threat,Closed,Synthetic incident description #327
INC-1328,2025-01-28 08:54:50,Misconfiguration,Low,Insider Threat,Closed,Synthetic incident description #328
INC-1329,2025-01-08 06:29:21,Malware,Low,Phishing,Closed,Synthetic incident description #329
INC-1330,2025-11-04 08:58:58,Insider Threat,Medium,Phishing,In Progress,Synthetic incident description #330
INC-1331,2025-04-25 05:43:25,Phishing,Low,DDoS,In Progress,Synthetic incident description #331
INC-1332,2025-05-02 09:27:44,Misconfiguration,Low,Phishing,Resolved,Synthetic incident description #332
INC-1333,2025-04-29 03:01:18,Phishing,Medium,Phishing,Closed,Synthetic incident description #333
INC-1334,2025-04-17 08:40:15,Malware,Medium,DDoS,Open,Synthetic incident description #334
INC-1335,2025-08-10 01:19:47,Insider Threat,Low,Phishing,Open,Synthetic incident description #335
INC-1336,2025-04-20 17:26:29,DDoS,Low,Misconfiguration,In Progress,Synthetic incident description #336
INC-1337,2024-12-14 15:05:38,DDoS,Medium,DDoS,In Progress,Synthetic incident description #337
INC-1338,2025-02-11 01:57:30,Malware,Medium,Malware,Closed,Synthetic incident description #338
INC-1339,2025-11-15 15:28:16,Phishing,Critical,DDoS,Resolved,Synthetic incident description #339
INC-1340,2025-05-02 02:30:43,Malware,Critical,Insider Threat,Closed,Synthetic incident description #340
INC-1341,2025-05-12 23:40:01,Insider Threat,Low,Malware,Open,Synthetic incident description #341
INC-1342,2025-04-19 00:43:45,DDoS,Critical,DDoS,Open,Synthetic incident description #342
INC-1343,2025-07-21 10:35:47,DDoS,Medium,Misconfiguration,Resolved,Synthetic incident description #343
INC-1344,2025-02-12 16:10:14,DDoS,High,Insider Threat,Open,Synthetic incident description #344
INC-1345,2025-03-24 05:07:33,Misconfiguration,High,Insider Threat,Closed,Synthetic incident description #345
INC-1346,2025-04-26 21:47:57,DDoS,Medium,Insider Threat,Resolved,Synthetic incident description #346
INC-1347,2025-04-23 00:52:25,Phishing,Low,Misconfiguration,Open,Synthetic incident description #347
INC-1348,2025-11-12 18:39:39,DDoS,High,Phishing,In Progress,Synthetic incident description #348
INC-1349,2025-06-24 00:12:01,Misconfiguration,Critical,Insider Threat,Open,Synthetic incident description #349
INC-1350,2025-06-23 03:03:02,Insider Threat,Medium,DDoS,Resolved,Synthetic incident description #350
INC-1351,2025-09-08 23:54:31,Malware,Medium,DDoS,Open,Synthetic incident description #351
INC-1352,2025-12-08 17:44:36,Malware,High,Insider Threat,Open,Synthetic incident description #352
INC-1353,2025-06-14 11:44:45,Misconfiguration,Low,Malware,Closed,Synthetic incident description #353
INC-1354,2025-08-28 22:27:37,Malware,Medium,Malware,Resolved,Synthetic incident description #354
INC-1355,2025-02-01 12:59:28,Phishing,Low,Phishing,Resolved,Synthetic incident description #355
INC-1356,2025-04-20 10:10:49,Misconfiguration,Medium,Misconfiguration,In Progress,Synthetic incident description #356
INC-1357,2025-01-30 11:35:48,Phishing,Low,DDoS,Closed,Synthetic incident description #357
INC-1358,2025-12-07 22:08:09,Misconfiguration,Low,DDoS,In Progress,Synthetic incident description #358
INC-1359,2025-05-23 01:23:32,Malware,High,DDoS,Open,Synthetic incident description #359
INC-1360,2025-09-30 17:42:54,Misconfiguration,Medium,DDoS,Open,Synthetic incident description #360
INC-1361,2025-04-20 15:30:08,Insider Threat,Low,Insider Threat,Closed,Synthetic incident description #361
INC-1362,2025-10-20 01:26:38,Malware,Low,Phishing,Resolved,Synthetic incident description #362
INC-1363,2025-04-24 19:03:51,Malware,Low,Malware,In Progress,Synthetic incident description #363
INC-1364,2025-10-16 17:46:09,DDoS,Low,Misconfiguration,Open,Synthetic incident description #364
INC-1365,2025-06-27 17:57:59,DDoS,Medium,Insider Threat,Open,Synthetic incident description #365
INC-1366,2025-06-10 14:13:48,Insider Threat,Critical,Phishing,Resolved,Synthetic incident description #366
INC-1367,2025-02-01 21:26:30,Phishing,Medium,Malware,Open,Synthetic incident description #367
INC-1368,2025-07-21 12:46:10,DDoS,Critical,Phishing,Closed,Synthetic incident description #368
INC-1369,2025-01-23 10:28:32,Insider Threat,Critical,DDoS,Closed,Synthetic incident description #369
INC-1370,2025-11-25 15:53:19,DDoS,Critical,Malware,Closed,Synthetic incident description #370
INC-1371,2025-11-16 19:30:48,Insider Threat,Critical,Malware,Resolved,Synthetic incident description #371
INC-1372,2025-10-19 13:24:36,Malware,Critical,DDoS,Closed,Synthetic incident description #372
INC-1373,2025-05-09 01:04:15,DDoS,Low,DDoS,In Progress,Synthetic incident description #373
INC-1374,2025-10-28 03:41:08,DDoS,Critical,Phishing,Open,Synthetic incident description #374
INC-1375,2025-08-09 13:16:35,Insider Threat,Medium,Misconfiguration,In Progress,Synthetic incident description #375
INC-1376,2025-10-09 05:49:08,DDoS,Low,Misconfiguration,Closed,Synthetic incident description #376
INC-1377,2025-11-29 00:33:44,DDoS,Critical,Misconfiguration,In Progress,Synthetic incident description #377
INC-1378,2025-06-10 23:38:47,Insider Threat,Medium,Misconfiguration,In Progress,Synthetic incident description #378
INC-1379,2025-08-04 07:07:45,Insider Threat,Medium,DDoS,In Progress,Synthetic incident description #379
INC-1380,2025-07-13 02:34:39,Misconfiguration,Medium,DDoS,Closed,Synthetic incident description #380
INC-1381,2025-10-12 20:52:26,Malware,Medium,Misconfiguration,Open,Synthetic incident description #381
INC-1382,2025-10-25 13:40:56,DDoS,High,Misconfiguration,Open,Synthetic incident description #382
INC-1383,2025-11-13 18:09:59,Misconfiguration,Low,Misconfiguration,In Progress,Synthetic incident description #383
INC-1384,2025-09-16 17:26:37,Misconfiguration,Medium,Insider Threat,In Progress,Synthetic incident description #384
INC-1385,2025-09-18 04:19:38,DDoS,Medium,Malware,In Progress,Synthetic incident description #385
INC-1386,2025-09-15 21:24:13,Insider Threat,Low,Malware,Resolved,Synthetic incident description #386
INC-1387,2025-08-06 11:27:38,Misconfiguration,Critical,Insider Threat,Resolved,Synthetic incident description #387
INC-1388,2025-07-04 02:47:37,Phishing,Critical,DDoS,In Progress,Synthetic incident description #388
INC-1389,2025-07-13 07:15:14,Phishing,Medium,Insider Threat,In Progress,Synthetic incident description #389
INC-1390,2024-12-19 18:54:05,DDoS,Critical,Misconfiguration,Open,Synthetic incident description #390
INC-1391,2025-05-21 00:44:34,Misconfiguration,Low,Insider Threat,In Progress,Synthetic incident description #391
INC-1392,2025-01-03 04:58:52,Phishing,Critical,Malware,Closed,Synthetic incident description #392
INC-1393,2025-01-10 12:05:02,Insider Threat,Critical,Phishing,Open,Synthetic incident description #393
INC-1394,2025-02-16 22:35:10,Phishing,Critical,Misconfiguration,Open,Synthetic incident description #394
INC-1395,2025-05-09 18:15:41,DDoS,Critical,Malware,Closed,Synthetic incident description #395
INC-1396,2025-09-13 07:05:16,DDoS,Low,Phishing,Open,Synthetic incident description #396
INC-1397,2025-11-22 00:30:48,Insider Threat,Medium,DDoS,Open,Synthetic incident description #397
INC-1398,2025-03-12 17:38:33,Insider Threat,Medium,Insider Threat,Open,Synthetic incident description #398
INC-1399,2025-06-28 22:17:48,DDoS,Medium,Malware,Resolved,Synthetic incident description #399
INC-1400,2025-04-29 00:58:44,Phishing,Medium,Malware,Open,Synthetic incident description #400
INC-1401,2025-04-07 05:12:30,Insider Threat,High,Misconfiguration,Open,Synthetic incident description #401
INC-1402,2025-06-21 21:23:17,Insider Threat,Low,Phishing,Resolved,Synthetic incident description #402
INC-1403,2025-11-07 11:33:08,Malware,Critical,Insider Threat,Resolved,Synthetic incident description #403
INC-1404,2025-08-13 13:23:29,Insider Threat,High,DDoS,In Progress,Synthetic incident description #404
INC-1405,2025-12-03 04:04:37,Insider Threat,Critical,Misconfiguration,Closed,Synthetic incident description #405
INC-1406,2025-02-26 10:24:10,DDoS,High,Insider Threat,Closed,Synthetic incident description #406
INC-1407,2025-01-23 22:47:53,Insider Threat,Low,Insider Threat,Open,Synthetic incident description #407
INC-1408,2025-07-06 04:09:17,Phishing,High,Misconfiguration,Closed,Synthetic incident description #408
INC-1409,2025-10-18 16:54:41,Misconfiguration,Critical,Malware,Closed,Synthetic incident description #409
INC-1410,2025-05-25 03:08:28,Misconfiguration,Medium,Phishing,In Progress,Synthetic incident description #410
INC-1411,2025-07-27 05:07:13,DDoS,High,Phishing,Open,Synthetic incident description #411
INC-1412,2025-01-06 19:16:53,Misconfiguration,Low,Misconfiguration,Closed,Synthetic incident description #412
INC-1413,2025-09-21 05:11:21,Misconfiguration,High,Malware,Closed,Synthetic incident description #413
INC-1414,2025-03-22 19:14:40,Misconfiguration,Critical,Insider Threat,Open,Synthetic incident description #414
INC-1415,2025-10-30 15:56:52,Misconfiguration,Critical,Misconfiguration,Open,Synthetic incident description #415
INC-1416,2024-12-15 14:34:47,Insider Threat,Critical,DDoS,In Progress,Synthetic incident description #416
INC-1417,2025-06-26 01:36:44,Phishing,Medium,DDoS,Resolved,Synthetic incident description #417
INC-1418,2025-03-15 23:25:52,Malware,High,Phishing,Open,Synthetic incident description #418
INC-1419,2025-12-02 13:58:21,Misconfiguration,Medium,DDoS,Resolved,Synthetic incident description #419
INC-1420,2025-08-05 05:09:57,Malware,Low,DDoS,Resolved,Synthetic incident description #420
INC-1421,2025-09-08 21:05:49,Phishing,Medium,Insider Threat,Resolved,Synthetic incident description #421
INC-1422,2025-09-25 20:49:42,Misconfiguration,Medium,Insider Threat,Closed,Synthetic incident description #422
INC-1423,2025-05-02 16:51:26,DDoS,Medium,Phishing,Resolved,Synthetic incident description #423
INC-1424,2025-08-21 02:18:21,Insider Threat,High,Insider Threat,Resolved,Synthetic incident description #424
INC-1425,2025-10-23 17:13:00,Misconfiguration,Critical,Misconfiguration,In Progress,Synthetic incident description #425
INC-1426,2025-12-08 18:35:03,Malware,Medium,DDoS,Open,Synthetic incident description #426
INC-1427,2025-09-22 02:14:25,Malware,Low,Malware,Open,Synthetic incident description #427
INC-1428,2025-11-09 13:59:12,Phishing,Critical,DDoS,In Progress,Synthetic incident description #428
INC-1429,2024-12-16 13:14:47,DDoS,Low,Misconfiguration,Open,Synthetic incident description #429
INC-1430,2025-08-14 10:17:53,Phishing,Medium,Insider Threat,In Progress,Synthetic incident description #430
INC-1431,2025-09-21 19:34:30,Insider Threat,Medium,Insider Threat,Open,Synthetic incident description #431
INC-1432,2025-05-30 11:27:56,Misconfiguration,Low,Phishing,Closed,Synthetic incident description #432
INC-1433,2024-12-26 17:42:18,Misconfiguration,High,Misconfiguration,Open,Synthetic incident description #433
INC-1434,2025-06-09 12:50:42,Phishing,Low,Malware,Resolved,Synthetic incident description #434
INC-1435,2025-09-16 09:19:46,Insider Threat,Critical,Misconfiguration,In Progress,Synthetic incident description #435
INC-1436,2025-08-27 07:06:10,Malware,Low,Insider Threat,Open,Synthetic incident description #436
INC-1437,2025-03-20 12:30:37,Insider Threat,Low,DDoS,Closed,Synthetic incident description #437
INC-1438,2025-01-06 04:58:16,Misconfiguration,Low,DDoS,Open,Synthetic incident description #438
INC-1439,2025-02-15 16:57:13,Insider Threat,Critical,Malware,Open,Synthetic incident description #439
INC-1440,2025-07-15 22:01:58,DDoS,Critical,Malware,Open,Synthetic incident description #440
INC-1441,2025-03-28 02:20:43,Phishing,Low,Insider Threat,In Progress,Synthetic incident description #441
INC-1442,2025-08-07 23:43:16,Insider Threat,Medium,DDoS,Open,Synthetic incident description #442
INC-1443,2025-05-03 16:10:48,Malware,Critical,Misconfiguration,Open,Synthetic incident description #443
INC-1444,2025-05-01 02:01:49,Phishing,Critical,DDoS,Closed,Synthetic incident description #444
INC-1445,2025-12-02 09:56:13,DDoS,Medium,Malware,In Progress,Synthetic incident description #445
INC-1446,2025-09-13 06:32:45,Insider Threat,Low,Malware,In Progress,Synthetic incident description #446
INC-1447,2025-01-17 10:40:23,Phishing,Critical,Misconfiguration,Open,Synthetic incident description #447
INC-1448,2025-06-08 06:42:59,Phishing,High,Phishing,Closed,Synthetic incident description #448
INC-1449,2025-02-03 06:46:44,Misconfiguration,High,Misconfiguration,Resolved,Synthetic incident description #449
INC-1450,2025-09-30 00:07:28,DDoS,Critical,Phishing,Resolved,Synthetic incident description #450
INC-1451,2025-09-29 13:06:37,Misconfiguration,High,Misconfiguration,In Progress,Synthetic incident description #451
INC-1452,2025-03-06 10:04:33,Insider Threat,High,Insider Threat,Resolved,Synthetic incident description #452
INC-1453,2025-04-27 17:41:29,DDoS,Low,Malware,In Progress,Synthetic incident description #453
INC-1454,2025-10-30 07:41:32,DDoS,Critical,DDoS,In Progress,Synthetic incident description #454
INC-1455,2025-08-25 14:17:27,DDoS,Critical,DDoS,Resolved,Synthetic incident description #455
INC-1456,2025-10-27 07:06:56,Misconfiguration,Critical,Insider Threat,Resolved,Synthetic incident description #456
INC-1457,2025-01-24 20:47:24,Misconfiguration,High,DDoS,Resolved,Synthetic incident description #457
INC-1458,2025-02-16 23:59:53,DDoS,Medium,Malware,Closed,Synthetic incident description #458
INC-1459,2025-06-05 12:13:19,Phishing,Medium,Malware,In Progress,Synthetic incident description #459
INC-1460,2025-04-04 19:51:52,Malware,High,Insider Threat,Open,Synthetic incident description #460
INC-1461,2025-07-09 16:48:07,Insider Threat,High,Insider Threat,Closed,Synthetic incident description #461
INC-1462,2025-02-17 20:46:57,DDoS,Medium,DDoS,Closed,Synthetic incident description #462
INC-1463,2025-04-01 06:27:00,Misconfiguration,Medium,Misconfiguration,In Progress,Synthetic incident description #463
INC-1464,2025-03-16 13:00:26,Insider Threat,Medium,DDoS,Closed,Synthetic incident description #464
INC-1465,2025-04-30 10:44:00,Malware,Low,Misconfiguration,Closed,Synthetic incident description #465
INC-1466,2025-04-12 07:54:54,Misconfiguration,Medium,DDoS,In Progress,Synthetic incident description #466
INC-1467,2025-11-03 13:38:30,Insider Threat,Medium,Insider Threat,Resolved,Synthetic incident description #467
INC-1468,2025-05-03 13:55:23,Malware,Medium,Phishing,Closed,Synthetic incident description #468
INC-1469,2025-12-03 13:25:14,Insider Threat,Medium,Malware,In Progress,Synthetic incident description #469
INC-1470,2025-06-01 18:36:42,DDoS,Low,DDoS,Resolved,Synthetic incident description #470
INC-1471,2025-07-29 01:57:20,Phishing,Low,Insider Threat,In Progress,Synthetic incident description #471
INC-1472,2025-08-28 16:14:10,Malware,Medium,Malware,In Progress,Synthetic incident description #472
INC-1473,2025-11-16 23:11:08,DDoS,High,DDoS,Resolved,Synthetic incident description #473
INC-1474,2025-01-07 01:45:28,Phishing,Low,DDoS,Open,Synthetic incident description #474
INC-1475,2025-03-18 14:06:01,Phishing,Medium,Misconfiguration,In Progress,Synthetic incident description #475
INC-1476,2025-11-01 09:11:11,DDoS,Critical,Malware,Resolved,Synthetic incident description #476
INC-1477,2025-02-27 09:32:49,Phishing,Medium,Phishing,Open,Synthetic incident description #477
INC-1478,2025-02-19 12:08:20,Misconfiguration,Low,Misconfiguration,Open,Synthetic incident description #478
INC-1479,2025-03-23 04:07:43,Misconfiguration,Low,Insider Threat,In Progress,Synthetic incident description #479
INC-1480,2025-07-24 11:52:41,Malware,Low,Phishing,In Progress,Synthetic incident description #480
INC-1481,2025-03-01 21:50:54,Misconfiguration,Low,Malware,Closed,Synthetic incident description #481
INC-1482,2025-01-29 12:07:30,DDoS,Critical,Malware,Closed,Synthetic incident description #482
INC-1483,2025-07-22 06:51:40,Malware,Medium,DDoS,Open,Synthetic incident description #483
INC-1484,2025-01-11 04:15:06,Misconfiguration,Critical,DDoS,Closed,Synthetic incident description #484
INC-1485,2025-01-03 13:21:54,Misconfiguration,High,Phishing,Closed,Synthetic incident description #485
INC-1486,2025-10-10 06:12:06,DDoS,Critical,DDoS,In Progress,Synthetic incident description #486
INC-1487,2025-08-27 21:07:48,DDoS,Low,Misconfiguration,Open,Synthetic incident description #487
INC-1488,2025-10-18 19:49:22,Insider Threat,Critical,Misconfiguration,Open,Synthetic incident description #488
INC-1489,2025-05-20 09:32:12,DDoS,High,DDoS,In Progress,Synthetic incident description #489
INC-1490,2025-10-02 18:24:16,Misconfiguration,Medium,DDoS,Open,Synthetic incident description #490
INC-1491,2025-09-08 01:41:35,Misconfiguration,Low,Insider Threat,Closed,Synthetic incident description #491
INC-1492,2025-10-10 08:27:31,Insider Threat,Low,Malware,Resolved,Synthetic incident description #492
INC-1493,2025-04-02 08:00:40,Misconfiguration,High,Misconfiguration,Open,Synthetic incident description #493
INC-1494,2025-10-27 15:34:48,Misconfiguration,High,Misconfiguration,In Progress,Synthetic incident description #494
INC-1495,2025-11-14 21:11:46,Malware,Low,DDoS,Closed,Synthetic incident description #495
INC-1496,2025-02-14 09:26:48,DDoS,Low,Phishing,Closed,Synthetic incident description #496
INC-1497,2025-05-09 15:30:46,Insider Threat,Medium,Malware,Open,Synthetic incident description #497
INC-1498,2025-06-17 22:42:06,Malware,Low,DDoS,Resolved,Synthetic incident description #498
INC-1499,2025-07-13 22:43:39,Malware,Medium,Phishing,Open,Synthetic incident description #499
INC-1500,2024-12-23 08:14:26,Misconfiguration,High,Malware,In Progress,Synthetic incident description #500
INC-1501,2025-02-10 07:28:40,Misconfiguration,Critical,Malware,In Progress,Synthetic incident description #501
INC-1502,2025-05-30 15:53:06,Insider Threat,Critical,Insider Threat,In Progress,Synthetic incident description #502
INC-1503,2025-09-14 15:07:49,Malware,Low,Malware,Closed,Synthetic incident description #503
INC-1504,2025-10-07 02:18:57,Insider Threat,Critical,DDoS,In Progress,Synthetic incident description #504
INC-1505,2025-02-22 11:13:37,Insider Threat,Low,Phishing,Closed,Synthetic incident description #505
INC-1506,2024-12-18 12:59:18,Misconfiguration,Medium,Phishing,Open,Synthetic incident description #506
INC-1507,2025-03-16 04:05:59,Malware,Critical,Misconfiguration,In Progress,Synthetic incident description #507
INC-1508,2025-05-19 00:29:32,Misconfiguration,Low,Misconfiguration,Resolved,Synthetic incident description #508
INC-1509,2025-07-21 09:52:20,Malware,Critical,DDoS,Closed,Synthetic incident description #509
INC-1510,2025-05-05 06:58:03,Phishing,High,Phishing,Open,Synthetic incident description #510
INC-1511,2025-09-27 09:07:36,DDoS,Low,Insider Threat,Resolved,Synthetic incident description #511
INC-1512,2025-04-22 14:57:45,Insider Threat,Low,Phishing,Closed,Synthetic incident description #512
INC-1513,2025-06-06 08:53:40,Malware,Critical,Phishing,Resolved,Synthetic incident description #513
INC-1514,2025-07-20 06:57:50,Phishing,Medium,DDoS,In Progress,Synthetic incident description #514
INC-1515,2025-02-23 23:10:31,Malware,Low,Insider Threat,Closed,Synthetic incident description #515
INC-1516,2024-12-30 14:58:30,Malware,Critical,Malware,In Progress,Synthetic incident description #516
INC-1517,2025-07-29 10:00:00,Misconfiguration,High,Misconfiguration,Resolved,Synthetic incident description #517
INC-1518,2025-06-06 12:15:23,Misconfiguration,High,DDoS,In Progress,Synthetic incident description #518
INC-1519,2025-08-28 22:30:32,DDoS,Critical,Insider Threat,Open,Synthetic incident description #519
INC-1520,2025-04-29 09:59:40,Phishing,Medium,Phishing,Open,Synthetic incident description #520
INC-1521,2025-04-08 10:26:49,Malware,Critical,Phishing,Closed,Synthetic incident description #521
INC-1522,2025-10-20 20:48:34,Malware,Critical,Phishing,In Progress,Synthetic incident description #522
INC-1523,2025-01-09 08:48:08,DDoS,Medium,Misconfiguration,Resolved,Synthetic incident description #523
INC-1524,2025-02-06 03:36:34,Misconfiguration,Critical,Insider Threat,Closed,Synthetic incident description #524
INC-1525,2025-07-12 21:22:49,Insider Threat,Low,Phishing,Closed,Synthetic incident description #525
INC-1526,2025-04-08 06:54:27,DDoS,Critical,Misconfiguration,Resolved,Synthetic incident description #526
INC-1527,2025-02-16 03:19:34,Phishing,Critical,Malware,Closed,Synthetic incident description #527
INC-1528,2025-01-30 07:05:53,DDoS,Critical,Phishing,Open,Synthetic incident description #528
INC-1529,2025-09-20 03:04:47,Malware,Medium,Insider Threat,In Progress,Synthetic incident description #529
INC-1530,2025-06-30 08:41:15,DDoS,High,Malware,Open,Synthetic incident description #530
INC-1531,2025-02-05 13:14:56,Misconfiguration,High,DDoS,In Progress,Synthetic incident description #531
INC-1532,2025-06-17 14:54:44,Phishing,Critical,Malware,Open,Synthetic incident description #532
INC-1533,2025-11-05 18:30:22,Insider Threat,Low,Malware,Closed,Synthetic incident description #533
INC-1534,2025-09-29 23:22:49,Misconfiguration,Medium,Insider Threat,Resolved,Synthetic incident description #534
INC-1535,2025-04-11 05:21:39,DDoS,High,Insider Threat,Open,Synthetic incident description #535
INC-1536,2025-02-05 22:58:09,Phishing,Low,Phishing,In Progress,Synthetic incident description #536
INC-1537,2025-08-26 02:29:10,Phishing,Critical,DDoS,In Progress,Synthetic incident description #537
INC-1538,2025-09-14 22:54:11,Phishing,Critical,Phishing,Resolved,Synthetic incident description #538
INC-1539,2025-11-16 12:10:11,Malware,High,Insider Threat,Resolved,Synthetic incident description #539
INC-1540,2025-03-20 00:41:28,Insider Threat,Critical,Misconfiguration,Open,Synthetic incident description #540
INC-1541,2025-06-15 19:12:06,Insider Threat,High,Phishing,In Progress,Synthetic incident description #541
INC-1542,2025-07-28 05:40:52,Malware,Critical,Malware,Resolved,Synthetic incident description #542
INC-1543,2025-03-23 18:14:06,Insider Threat,High,Phishing,Closed,Synthetic incident description #543
INC-1544,2025-11-28 12:40:35,DDoS,Critical,Phishing,Resolved,Synthetic incident description #544
INC-1545,2025-08-15 16:59:04,Phishing,Critical,DDoS,Closed,Synthetic incident description #545
INC-1546,2024-12-23 02:23:24,Insider Threat,Critical,Phishing,Resolved,Synthetic incident description #546
INC-1547,2025-12-06 15:20:44,Phishing,Medium,Malware,Open,Synthetic incident description #547
INC-1548,2025-11-12 12:10:10,Misconfiguration,Low,Insider Threat,Closed,Synthetic incident description #548
INC-1549,2024-12-18 01:27:03,Misconfiguration,Critical,Misconfiguration,Resolved,Synthetic incident description #549
INC-1550,2025-04-15 00:42:06,Phishing,High,Insider Threat,Open,Synthetic incident description #550
INC-1551,2025-05-23 04:43:10,DDoS,Critical,Insider Threat,Closed,Synthetic incident description #551
INC-1552,2025-12-10 09:55:03,Insider Threat,High,Phishing,Resolved,Synthetic incident description #552
INC-1553,2025-09-18 08:10:22,Misconfiguration,High,DDoS,Open,Synthetic incident description #553
INC-1554,2025-05-28 17:59:26,Phishing,Low,Phishing,Resolved,Synthetic incident description #554
INC-1555,2025-10-03 15:02:01,Malware,High,Phishing,Resolved,Synthetic incident description #555
INC-1556,2025-10-07 06:15:33,Malware,High,DDoS,Resolved,Synthetic incident description #556
INC-1557,2025-11-30 23:04:25,Malware,Medium,Malware,Open,Synthetic incident description #557
INC-1558,2025-06-25 02:51:13,Phishing,Low,DDoS,Closed,Synthetic incident description #558
INC-1559,2025-11-20 16:32:17,DDoS,Medium,Insider Threat,Open,Synthetic incident description #559
INC-1560,2025-01-07 01:36:11,Misconfiguration,High,DDoS,Closed,Synthetic incident description #560
INC-1561,2025-08-23 07:37:58,Phishing,Medium,Phishing,Open,Synthetic incident description #561
INC-1562,2025-03-17 12:47:26,Misconfiguration,Critical,Misconfiguration,In Progress,Synthetic incident description #562
INC-1563,2025-09-03 15:09:36,Phishing,Critical,Phishing,Resolved,Synthetic incident description #563
INC-1564,2025-01-25 09:53:38,Insider Threat,Low,DDoS,In Progress,Synthetic incident description #564
INC-1565,2025-02-13 23:25:04,DDoS,Medium,Insider Threat,Closed,Synthetic incident description #565
INC-1566,2025-01-09 10:31:06,Phishing,High,DDoS,Closed,Synthetic incident description #566
INC-1567,2025-12-12 10:12:51,Misconfiguration,High,Phishing,In Progress,Synthetic incident description #567
INC-1568,2025-05-19 21:35:02,Phishing,Critical,Phishing,Closed,Synthetic incident description #568
INC-1569,2025-03-16 18:07:30,Misconfiguration,High,Malware,Open,Synthetic incident description #569
INC-1570,2025-04-27 18:18:08,DDoS,Critical,Insider Threat,Closed,Synthetic incident description #570
INC-1571,2025-06-10 13:29:43,Misconfiguration,Low,Phishing,Open,Synthetic incident description #571
INC-1572,2025-04-07 21:36:01,DDoS,Medium,Insider Threat,Resolved,Synthetic incident description #572
INC-1573,2025-04-19 13:08:32,Phishing,Critical,Misconfiguration,Resolved,Synthetic incident description #573
INC-1574,2025-01-14 04:46:57,Malware,Medium,DDoS,Closed,Synthetic incident description #574
INC-1575,2025-07-30 23:07:58,Misconfiguration,Medium,DDoS,In Progress,Synthetic incident description #575
INC-1576,2025-03-27 09:41:11,Misconfiguration,High,Malware,Open,Synthetic incident description #576
INC-1577,2025-09-25 09:48:04,Phishing,High,Malware,Open,Synthetic incident description #577
INC-1578,2025-01-03 22:19:52,Phishing,High,Malware,In Progress,Synthetic incident description #578
INC-1579,2025-07-27 22:58:59,DDoS,Low,Insider Threat,Resolved,Synthetic incident description #579
INC-1580,2025-05-06 01:24:47,Phishing,Medium,Phishing,Closed,Synthetic incident description #580
INC-1581,2025-01-04 05:20:41,Misconfiguration,Critical,Misconfiguration,Open,Synthetic incident description #581
INC-1582,2025-03-21 02:25:45,Phishing,Critical,DDoS,Closed,Synthetic incident description #582
INC-1583,2025-10-30 14:48:32,Phishing,Low,DDoS,Closed,Synthetic incident description #583
INC-1584,2025-01-04 06:47:10,Malware,Medium,Phishing,Open,Synthetic incident description #584
INC-1585,2025-03-11 20:13:32,Insider Threat,Low,Malware,Open,Synthetic incident description #585
INC-1586,2025-08-09 21:12:35,Malware,Medium,Insider Threat,Open,Synthetic incident description #586
INC-1587,2025-01-14 23:24:07,Misconfiguration,Low,Insider Threat,In Progress,Synthetic incident description #587
INC-1588,2025-03-08 19:10:06,Phishing,Medium,DDoS,Open,Synthetic incident description #588
INC-1589,2025-04-19 04:25:38,Misconfiguration,Medium,Misconfiguration,Resolved,Synthetic incident description #589
INC-1590,2025-07-06 17:32:03,Misconfiguration,Critical,Misconfiguration,In Progress,Synthetic incident description #590
INC-1591,2025-01-18 11:10:31,Insider Threat,Low,DDoS,In Progress,Synthetic incident description #591
INC-1592,2025-10-26 17:51:52,Insider Threat,Low,Malware,Resolved,Synthetic incident description #592
INC-1593,2025-07-23 11:55:54,Phishing,High,Misconfiguration,Resolved,Synthetic incident description #593
INC-1594,2025-10-30 12:42:02,Insider Threat,Critical,Insider Threat,Open,Synthetic incident description #594
INC-1595,2025-09-02 15:41:05,Insider Threat,High,Phishing,Closed,Synthetic incident description #595
INC-1596,2025-03-03 03:32:33,Malware,Medium,Misconfiguration,Closed,Synthetic incident description #596
INC-1597,2025-05-14 01:53:19,Insider Threat,Medium,Misconfiguration,Closed,Synthetic incident description #597
INC-1598,2025-05-25 21:18:55,Phishing,Low,Malware,Resolved,Synthetic incident description #598
INC-1599,2025-07-25 01:21:56,Phishing,Low,DDoS,In Progress,Synthetic incident description #599
INC-1600,2025-06-13 23:44:57,DDoS,Critical,Phishing,Open,Synthetic incident description #600
INC-1601,2025-05-03 07:21:28,Phishing,Medium,Insider Threat,Open,Synthetic incident description #601
INC-1602,2025-10-18 19:35:10,DDoS,High,DDoS,Resolved,Synthetic incident description #602
INC-1603,2025-06-02 21:57:46,Misconfiguration,High,Phishing,In Progress,Synthetic incident description #603
INC-1604,2025-03-11 21:25:17,Misconfiguration,Low,DDoS,Closed,Synthetic incident description #604
INC-1605,2025-11-02 00:26:52,Misconfiguration,Low,DDoS,Closed,Synthetic incident description #605
INC-1606,2025-08-14 02:52:27,Insider Threat,High,Phishing,In Progress,Synthetic incident description #606
INC-1607,2025-03-07 22:59:17,Malware,Critical,Insider Threat,Open,Synthetic incident description #607
INC-1608,2025-04-19 12:39:14,DDoS,Medium,Misconfiguration,Closed,Synthetic incident description #608
INC-1609,2025-06-22 13:28:22,DDoS,Medium,Phishing,Closed,Synthetic incident description #609
INC-1610,2025-05-14 18:55:29,Insider Threat,High,Malware,In Progress,Synthetic incident description #610
INC-1611,2025-11-05 19:00:35,Phishing,Low,Phishing,Open,Synthetic incident description #611
INC-1612,2025-11-03 10:54:04,Misconfiguration,Medium,Insider Threat,Open,Synthetic incident description #612
INC-1613,2025-08-11 18:53:08,Misconfiguration,Low,Malware,Open,Synthetic incident description #613
INC-1614,2025-03-14 21:18:06,Insider Threat,High,Misconfiguration,Closed,Synthetic incident description #614
INC-1615,2025-05-29 02:32:38,DDoS,High,Phishing,Resolved,Synthetic incident description #615
INC-1616,2025-06-07 01:23:14,DDoS,Medium,Insider Threat,Resolved,Synthetic incident description #616
INC-1617,2025-06-09 07:26:15,DDoS,High,Misconfiguration,Resolved,Synthetic incident description #617
INC-1618,2024-12-22 16:50:16,Insider Threat,Low,Insider Threat,Open,Synthetic incident description #618
INC-1619,2025-05-15 05:10:50,Misconfiguration,Medium,Phishing,Open,Synthetic incident description #619
INC-1620,2025-04-23 00:47:47,Misconfiguration,Low,Phishing,Resolved,Synthetic incident description #620
INC-1621,2025-08-30 17:51:01,DDoS,Critical,Malware,Resolved,Synthetic incident description #621
INC-1622,2025-11-30 20:51:34,DDoS,Critical,DDoS,Open,Synthetic incident description #622
INC-1623,2025-01-22 14:36:28,Phishing,Medium,DDoS,Closed,Synthetic incident description #623
INC-1624,2025-05-14 13:16:32,Phishing,Medium,Malware,Closed,Synthetic incident description #624
INC-1625,2025-06-07 10:53:53,Misconfiguration,Critical,Misconfiguration,Resolved,Synthetic incident description #625
INC-1626,2025-07-11 11:15:55,Malware,Low,Misconfiguration,Open,Synthetic incident description #626
INC-1627,2025-05-05 06:38:30,Insider Threat,High,DDoS,Open,Synthetic incident description #627
INC-1628,2025-01-04 07:37:08,Misconfiguration,Medium,Phishing,Resolved,Synthetic incident description #628
INC-1629,2025-03-11 16:33:29,Misconfiguration,Low,Malware,Open,Synthetic incident description #629
INC-1630,2025-04-29 20:38:19,Malware,Critical,DDoS,Resolved,Synthetic incident description #630
INC-1631,2025-12-12 01:39:20,Malware,Medium,Insider Threat,Closed,Synthetic incident description #631
INC-1632,2025-05-23 05:05:24,Misconfiguration,Medium,Phishing,Open,Synthetic incident description #632
INC-1633,2025-06-11 01:50:25,Insider Threat,Medium,Phishing,Open,Synthetic incident description #633
INC-1634,2025-04-28 00:44:20,Insider Threat,Medium,Malware,Open,Synthetic incident description #634
INC-1635,2025-09-30 07:47:49,Malware,Medium,DDoS,Open,Synthetic incident description #635
INC-1636,2025-05-09 21:41:48,DDoS,Low,Misconfiguration,Resolved,Synthetic incident description #636
INC-1637,2025-07-07 04:17:04,Malware,Critical,DDoS,Resolved,Synthetic incident description #637
INC-1638,2025-02-25 19:54:01,Misconfiguration,Critical,Phishing,Open,Synthetic incident description #638
INC-1639,2025-04-17 23:34:55,DDoS,Critical,Malware,Resolved,Synthetic incident description #639
INC-1640,2025-06-14 10:55:43,Insider Threat,Critical,Misconfiguration,Open,Synthetic incident description #640
INC-1641,2024-12-26 09:34:46,DDoS,Critical,Phishing,In Progress,Synthetic incident description #641
INC-1642,2025-02-01 01:11:08,Malware,Low,Phishing,Resolved,Synthetic incident description #642
INC-1643,2025-08-01 09:49:46,Misconfiguration,Low,Malware,Closed,Synthetic incident description #643
INC-1644,2025-03-07 00:14:09,Phishing,High,Misconfiguration,Open,Synthetic incident description #644
INC-1645,2025-08-25 20:18:41,DDoS,Low,Phishing,Resolved,Synthetic incident description #645
INC-1646,2025-11-24 03:13:54,Phishing,Critical,DDoS,Open,Synthetic incident description #646
INC-1647,2025-09-14 10:28:45,Misconfiguration,Low,Malware,In Progress,Synthetic incident description #647
INC-1648,2025-09-04 20:53:46,DDoS,High,Phishing,In Progress,Synthetic incident description #648
INC-1649,2025-10-06 15:00:36,Misconfiguration,High,Misconfiguration,Resolved,Synthetic incident description #649
INC-1650,2025-10-31 10:26:53,Phishing,Medium,Phishing,Resolved,Synthetic incident description #650
INC-1651,2025-06-09 04:58:58,Insider Threat,High,DDoS,Resolved,Synthetic incident description #651
INC-1652,2025-08-30 18:39:27,DDoS,Low,Phishing,In Progress,Synthetic incident description #652
INC-1653,2025-11-28 06:03:23,Malware,Critical,DDoS,In Progress,Synthetic incident description #653
INC-1654,2025-06-20 17:00:13,Insider Threat,High,Insider Threat,Open,Synthetic incident description #654
INC-1655,2024-12-20 06:41:54,Phishing,High,Misconfiguration,Resolved,Synthetic incident description #655
INC-1656,2025-10-03 04:36:15,Phishing,High,Phishing,Resolved,Synthetic incident description #656
INC-1657,2025-05-27 11:13:47,Phishing,Medium,Misconfiguration,Open,Synthetic incident description #657
INC-1658,2024-12-31 23:33:51,Misconfiguration,Critical,Misconfiguration,Resolved,Synthetic incident description #658
INC-1659,2025-11-13 22:17:13,Malware,Critical,Misconfiguration,In Progress,Synthetic incident description #659
INC-1660,2025-03-03 17:42:03,Malware,Low,Phishing,Open,Synthetic incident description #660
INC-1661,2025-10-12 23:01:19,Phishing,Medium,Misconfiguration,Resolved,Synthetic incident description #661
INC-1662,2025-07-22 08:15:18,Malware,Medium,Phishing,Resolved,Synthetic incident description #662
INC-1663,2025-03-29 14:03:02,Misconfiguration,Critical,Insider Threat,Open,Synthetic incident description #663
INC-1664,2025-09-19 15:37:57,Misconfiguration,Medium,DDoS,Closed,Synthetic incident description #664
INC-1665,2025-12-08 17:33:36,Insider Threat,Critical,DDoS,In Progress,Synthetic incident description #665
INC-1666,2025-07-23 00:10:23,Malware,Low,Malware,In Progress,Synthetic incident description #666
INC-1667,2025-06-04 11:40:03,DDoS,High,Malware,Open,Synthetic incident description #667
INC-1668,2025-07-08 21:37:52,DDoS,Critical,Insider Threat,Resolved,Synthetic incident description #668
INC-1669,2024-12-25 13:56:25,Insider Threat,Medium,Malware,Open,Synthetic incident description #669
INC-1670,2024-12-22 15:05:28,Insider Threat,Critical,Malware,Resolved,Synthetic incident description #670
INC-1671,2025-07-13 07:17:20,Malware,Low,Insider Threat,Closed,Synthetic incident description #671
INC-1672,2025-12-12 08:42:36,Malware,Critical,Phishing,In Progress,Synthetic incident description #672
INC-1673,2024-12-15 13:22:15,Insider Threat,Medium,Malware,In Progress,Synthetic incident description #673
INC-1674,2025-02-25 18:39:52,Misconfiguration,Medium,Phishing,Closed,Synthetic incident description #674
INC-1675,2025-12-06 12:52:50,Insider Threat,Low,Phishing,Closed,Synthetic incident description #675
INC-1676,2025-06-10 20:39:29,DDoS,Low,Insider Threat,Resolved,Synthetic incident description #676
INC-1677,2025-10-23 03:08:52,Insider Threat,Medium,Phishing,Resolved,Synthetic incident description #677
INC-1678,2025-01-15 18:14:54,Misconfiguration,High,DDoS,Open,Synthetic incident description #678
INC-1679,2025-07-05 19:00:30,Phishing,High,Misconfiguration,In Progress,Synthetic incident description #679
INC-1680,2025-12-05 04:21:45,DDoS,High,Malware,Resolved,Synthetic incident description #680
INC-1681,2025-09-28 01:14:35,Misconfiguration,Medium,Insider Threat,Resolved,Synthetic incident description #681
INC-1682,2025-09-18 11:07:57,Insider Threat,Critical,Malware,In Progress,Synthetic incident description #682
INC-1683,2025-09-20 15:40:13,Misconfiguration,Low,DDoS,Resolved,Synthetic incident description #683
INC-1684,2025-04-23 21:27:10,Misconfiguration,Medium,DDoS,In Progress,Synthetic incident description #684
INC-1685,2025-07-28 19:20:22,Insider Threat,High,DDoS,Open,Synthetic incident description #685
INC-1686,2025-07-13 05:54:31,Malware,Medium,Phishing,Open,Synthetic incident description #686
INC-1687,2025-10-26 04:18:07,Phishing,High,Misconfiguration,Open,Synthetic incident description #687
INC-1688,2025-05-11 01:44:08,Phishing,High,DDoS,Resolved,Synthetic incident description #688
INC-1689,2025-02-10 08:15:06,Misconfiguration,Medium,Phishing,In Progress,Synthetic incident description #689
INC-1690,2025-12-06 18:01:31,Malware,Medium,Phishing,Open,Synthetic incident description #690
INC-1691,2025-11-29 05:47:56,Malware,Critical,DDoS,Open,Synthetic incident description #691
INC-1692,2024-12-14 12:17:39,Insider Threat,Medium,Insider Threat,Closed,Synthetic incident description #692
INC-1693,2025-07-07 08:13:05,Insider Threat,High,Misconfiguration,Open,Synthetic incident description #693
INC-1694,2025-05-07 18:51:12,Malware,High,Malware,Open,Synthetic incident description #694
INC-1695,2025-06-17 15:06:27,DDoS,High,Malware,Resolved,Synthetic incident description #695
INC-1696,2025-11-19 19:08:40,DDoS,Medium,Phishing,Open,Synthetic incident description #696
INC-1697,2025-11-09 18:52:36,DDoS,High,Malware,Closed,Synthetic incident description #697
INC-1698,2025-08-24 04:28:15,Phishing,Low,DDoS,Resolved,Synthetic incident description #698
INC-1699,2025-02-13 00:31:29,Insider Threat,Critical,Malware,In Progress,Synthetic incident description #699
INC-1700,2025-06-01 00:53:49,DDoS,High,Misconfiguration,Closed,Synthetic incident description #700
INC-1701,2025-02-11 16:06:00,DDoS,High,Misconfiguration,Closed,Synthetic incident description #701
INC-1702,2025-02-06 14:49:54,Insider Threat,Medium,DDoS,Open,Synthetic incident description #702
INC-1703,2025-04-14 16:29:10,Phishing,Medium,Insider Threat,Closed,Synthetic incident description #703
INC-1704,2025-07-30 17:49:35,DDoS,Medium,Phishing,Resolved,Synthetic incident description #704
INC-1705,2025-05-25 14:12:00,DDoS,Low,Insider Threat,Open,Synthetic incident description #705
INC-1706,2025-08-24 17:53:07,Malware,Low,Insider Threat,In Progress,Synthetic incident description #706
INC-1707,2025-08-25 14:54:01,Misconfiguration,Low,DDoS,Resolved,Synthetic incident description #707
INC-1708,2025-01-02 20:34:05,Malware,Critical,DDoS,Open,Synthetic incident description #708
INC-1709,2025-10-10 03:20:41,Phishing,Medium,DDoS,Open,Synthetic incident description #709
INC-1710,2025-01-20 20:20:13,Insider Threat,Medium,Phishing,Open,Synthetic incident description #710
INC-1711,2025-05-13 23:18:11,DDoS,Critical,DDoS,In Progress,Synthetic incident description #711
INC-1712,2025-10-16 17:23:04,Malware,Critical,Insider Threat,Open,Synthetic incident description #712
INC-1713,2025-01-15 02:18:18,Phishing,Low,Misconfiguration,Open,Synthetic incident description #713
INC-1714,2025-12-07 12:12:05,Malware,Medium,DDoS,Open,Synthetic incident description #714
INC-1715,2025-06-19 02:19:13,Insider Threat,High,Misconfiguration,Resolved,Synthetic incident description #715
INC-1716,2025-10-12 07:05:43,Insider Threat,Critical,Misconfiguration,Closed,Synthetic incident description #716
INC-1717,2025-05-05 08:18:42,DDoS,High,Insider Threat,Open,Synthetic incident description #717
INC-1718,2025-08-23 16:45:10,Misconfiguration,Critical,DDoS,Resolved,Synthetic incident description #718
INC-1719,2025-09-06 23:01:25,DDoS,Medium,Misconfiguration,Closed,Synthetic incident description #719
INC-1720,2025-06-21 16:18:57,Misconfiguration,Low,Malware,Closed,Synthetic incident description #720
INC-1721,2025-04-30 00:13:08,Phishing,Medium,Phishing,Open,Synthetic incident description #721
INC-1722,2025-01-20 01:13:58,DDoS,Low,Phishing,In Progress,Synthetic incident description #722
INC-1723,2025-03-08 22:36:10,Malware,Medium,Misconfiguration,Open,Synthetic incident description #723
INC-1724,2025-01-06 06:22:45,Phishing,Medium,Phishing,Open,Synthetic incident description #724
INC-1725,2025-01-17 12:46:52,Insider Threat,High,Insider Threat,Closed,Synthetic incident description #725
INC-1726,2025-05-31 03:33:10,Phishing,High,Misconfiguration,Open,Synthetic incident description #726
INC-1727,2025-06-06 00:55:28,DDoS,Medium,Malware,Closed,Synthetic incident description #727
INC-1728,2025-07-21 14:51:49,Malware,Medium,Misconfiguration,Open,Synthetic incident description #728
INC-1729,2025-04-04 06:35:12,Insider Threat,Low,Misconfiguration,Open,Synthetic incident description #729
INC-1730,2025-01-06 12:48:34,Phishing,Medium,Malware,In Progress,Synthetic incident description #730
INC-1731,2025-11-27 10:31:45,Phishing,Medium,DDoS,Open,Synthetic incident description #731
INC-1732,2025-07-05 10:26:04,Misconfiguration,Low,Malware,Open,Synthetic incident description #732
INC-1733,2025-01-12 03:01:05,DDoS,Critical,Phishing,In Progress,Synthetic incident description #733
INC-1734,2025-07-12 05:15:47,Misconfiguration,Low,Phishing,In Progress,Synthetic incident description #734
INC-1735,2025-09-23 19:19:36,Misconfiguration,Low,Insider Threat,Resolved,Synthetic incident description #735
INC-1736,2025-09-26 12:08:10,Malware,High,Misconfiguration,Open,Synthetic incident description #736
INC-1737,2025-05-16 08:52:08,DDoS,Medium,Misconfiguration,Resolved,Synthetic incident description #737
INC-1738,2025-07-16 00:30:33,Malware,Critical,Phishing,Resolved,Synthetic incident description #738
INC-1739,2025-03-07 20:06:09,Malware,Medium,Insider Threat,Open,Synthetic incident description #739
INC-1740,2025-02-21 14:25:11,Insider Threat,Critical,Malware,Open,Synthetic incident description #740
INC-1741,2025-05-07 05:25:17,Insider Threat,Critical,Malware,Open,Synthetic incident description #741
INC-1742,2025-04-20 10:52:38,Misconfiguration,Critical,Malware,Open,Synthetic incident description #742
INC-1743,2025-08-21 13:23:47,Malware,High,DDoS,Resolved,Synthetic incident description #743
INC-1744,2025-08-04 09:47:59,Insider Threat,Critical,Phishing,Open,Synthetic incident description #744
INC-1745,2025-09-18 01:12:27,Misconfiguration,Critical,Insider Threat,Resolved,Synthetic incident description #745
INC-1746,2025-03-07 18:52:19,Malware,Low,Misconfiguration,Closed,Synthetic incident description #746
INC-1747,2025-10-03 20:55:42,DDoS,High,Misconfiguration,In Progress,Synthetic incident description #747
INC-1748,2025-06-17 17:06:50,Malware,Medium,Misconfiguration,Closed,Synthetic incident description #748
INC-1749,2025-08-31 23:21:48,Malware,High,Malware,Open,Synthetic incident description #749
INC-1750,2025-07-15 14:55:48,DDoS,Low,Misconfiguration,Closed,Synthetic incident description #750
INC-1751,2025-11-30 12:18:55,Insider Threat,High,Misconfiguration,In Progress,Synthetic incident description #751
INC-1752,2025-07-28 16:06:40,Insider Threat,Medium,Phishing,Closed,Synthetic incident description #752
INC-1753,2025-01-21 20:05:16,Phishing,High,Malware,Closed,Synthetic incident description #753
INC-1754,2025-08-29 11:00:04,DDoS,Critical,Phishing,Closed,Synthetic incident description #754
INC-1755,2025-05-25 01:29:26,Phishing,High,Misconfiguration,In Progress,Synthetic incident description #755
INC-1756,2025-01-14 10:11:41,Phishing,High,DDoS,In Progress,Synthetic incident description #756
INC-1757,2025-06-22 15:01:21,Misconfiguration,Critical,DDoS,In Progress,Synthetic incident description #757
INC-1758,2025-10-19 09:44:00,Phishing,High,Misconfiguration,In Progress,Synthetic incident description #758
INC-1759,2025-06-06 22:51:47,Malware,Low,Insider Threat,Closed,Synthetic incident description #759
INC-1760,2025-04-25 13:51:29,Phishing,Low,Phishing,Open,Synthetic incident description #760
INC-1761,2025-10-24 17:10:01,Misconfiguration,Low,Misconfiguration,Open,Synthetic incident description #761
INC-1762,2025-05-14 19:59:08,Malware,High,Misconfiguration,Closed,Synthetic incident description #762
INC-1763,2025-11-26 07:02:27,Misconfiguration,Low,Insider Threat,Open,Synthetic incident description #763
INC-1764,2025-03-08 05:00:36,DDoS,Critical,Malware,Resolved,Synthetic incident description #764
INC-1765,2024-12-16 22:14:27,Insider Threat,Critical,Misconfiguration,In Progress,Synthetic incident description #765
INC-1766,2025-11-09 03:40:44,Malware,High,DDoS,In Progress,Synthetic incident description #766
INC-1767,2025-10-27 01:22:55,Malware,Critical,Malware,Closed,Synthetic incident description #767
INC-1768,2024-12-21 15:57:18,DDoS,High,Misconfiguration,In Progress,Synthetic incident description #768
INC-1769,2025-03-25 06:38:19,Phishing,High,Misconfiguration,In Progress,Synthetic incident description #769
INC-1770,2025-06-20 16:16:57,Malware,High,DDoS,Resolved,Synthetic incident description #770
INC-1771,2025-02-04 12:44:59,Malware,Low,Insider Threat,In Progress,Synthetic incident description #771
INC-1772,2025-05-09 03:40:42,Phishing,Critical,DDoS,In Progress,Synthetic incident description #772
INC-1773,2025-12-12 17:07:46,Phishing,Medium,Phishing,Resolved,Synthetic incident description #773
INC-1774,2025-10-18 19:25:01,Misconfiguration,Low,Malware,In Progress,Synthetic incident description #774
INC-1775,2025-05-29 00:58:59,Misconfiguration,Low,DDoS,In Progress,Synthetic incident description #775
INC-1776,2025-05-30 10:02:41,Misconfiguration,Low,Insider Threat,Closed,Synthetic incident description #776
INC-1777,2025-07-01 18:49:54,Malware,High,Malware,Closed,Synthetic incident description #777
INC-1778,2025-06-17 16:41:42,Phishing,High,Malware,Closed,Synthetic incident description #778
INC-1779,2025-12-11 04:37:32,Phishing,High,Insider Threat,Open,Synthetic incident description #779
INC-1780,2025-02-12 02:19:17,Misconfiguration,Critical,Misconfiguration,Closed,Synthetic incident description #780
INC-1781,2025-09-04 23:28:22,Malware,Medium,Malware,Resolved,Synthetic incident description #781
INC-1782,2025-11-03 02:22:10,Phishing,High,DDoS,In Progress,Synthetic incident description #782
INC-1783,2025-01-11 03:55:08,Misconfiguration,High,Phishing,In Progress,Synthetic incident description #783
INC-1784,2025-07-31 11:18:59,Malware,Low,DDoS,Open,Synthetic incident description #784
INC-1785,2025-01-06 22:52:06,Misconfiguration,Medium,Phishing,Open,Synthetic incident description #785
INC-1786,2025-02-15 12:31:07,Malware,Critical,Phishing,Closed,Synthetic incident description #786
INC-1787,2025-05-16 03:16:57,Misconfiguration,High,DDoS,Open,Synthetic incident description #787
INC-1788,2025-08-13 05:44:38,Phishing,Medium,Malware,In Progress,Synthetic incident description #788
INC-1789,2025-07-05 15:57:45,Misconfiguration,Low,Malware,In Progress,Synthetic incident description #789
INC-1790,2025-04-09 13:16:02,Insider Threat,Critical,DDoS,In Progress,Synthetic incident description #790
INC-1791,2025-08-07 03:18:38,Phishing,Critical,Insider Threat,Closed,Synthetic incident description #791
INC-1792,2025-11-20 23:04:10,Malware,Medium,Insider Threat,Closed,Synthetic incident description #792
INC-1793,2025-10-03 02:36:54,Misconfiguration,Low,Misconfiguration,Open,Synthetic incident description #793
INC-1794,2025-06-20 15:55:34,Misconfiguration,High,Insider Threat,Resolved,Synthetic incident description #794
INC-1795,2025-04-20 16:01:55,Malware,High,Insider Threat,In Progress,Synthetic incident description #795
INC-1796,2025-05-17 17:28:10,Insider Threat,High,Malware,Resolved,Synthetic incident description #796
INC-1797,2025-05-03 16:12:21,DDoS,Low,Phishing,Closed,Synthetic incident description #797
INC-1798,2025-02-07 21:49:41,Phishing,Low,Malware,In Progress,Synthetic incident description #798
INC-1799,2025-06-30 00:25:56,DDoS,Critical,Misconfiguration,Resolved,Synthetic incident description #799
INC-1800,2025-10-22 18:44:22,Phishing,Low,Phishing,Open,Synthetic incident description #800
INC-1801,2025-09-12 02:07:08,Malware,Medium,Phishing,Open,Synthetic incident description #801
INC-1802,2025-08-07 11:54:07,DDoS,Critical,Malware,In Progress,Synthetic incident description #802
INC-1803,2025-10-15 05:34:05,DDoS,Critical,Misconfiguration,Closed,Synthetic incident description #803
INC-1804,2025-11-26 18:45:15,Phishing,Medium,DDoS,Open,Synthetic incident description #804
INC-1805,2025-07-01 15:17:36,Misconfiguration,Critical,Malware,Resolved,Synthetic incident description #805
INC-1806,2025-10-13 17:19:20,Malware,High,DDoS,Open,Synthetic incident description #806
INC-1807,2025-07-07 18:53:35,DDoS,Critical,Malware,Open,Synthetic incident description #807
INC-1808,2024-12-22 04:12:25,Misconfiguration,Low,Malware,Open,Synthetic incident description #808
INC-1809,2025-05-07 07:55:49,DDoS,Medium,Phishing,Open,Synthetic incident description #809
INC-1810,2025-01-02 07:10:52,Malware,Critical,Misconfiguration,Resolved,Synthetic incident description #810
INC-1811,2025-02-05 19:14:30,Misconfiguration,Low,Misconfiguration,In Progress,Synthetic incident description #811
INC-1812,2025-11-28 05:17:57,Phishing,Critical,Misconfiguration,In Progress,Synthetic incident description #812
INC-1813,2025-03-29 02:47:24,Misconfiguration,High,DDoS,Open,Synthetic incident description #813
INC-1814,2025-05-17 18:37:46,Misconfiguration,Medium,Malware,Open,Synthetic incident description #814
INC-1815,2025-09-24 21:21:50,Malware,Low,Phishing,Closed,Synthetic incident description #815
INC-1816,2025-07-19 13:54:22,DDoS,Low,Phishing,In Progress,Synthetic incident description #816
INC-1817,2025-04-22 03:37:35,Phishing,Critical,Malware,In Progress,Synthetic incident description #817
INC-1818,2025-10-21 06:05:56,Phishing,Medium,Phishing,Closed,Synthetic incident description #818
INC-1819,2025-11-30 10:22:42,Phishing,Medium,Insider Threat,Open,Synthetic incident description #819
INC-1820,2025-03-31 15:15:15,Malware,Low,Insider Threat,Closed,Synthetic incident description #820
INC-1821,2025-10-15 13:29:55,Phishing,Medium,DDoS,Open,Synthetic incident description #821
INC-1822,2025-12-09 19:33:29,Insider Threat,Critical,Malware,Closed,Synthetic incident description #822
INC-1823,2025-10-23 15:23:56,DDoS,High,Malware,Closed,Synthetic incident description #823
INC-1824,2025-03-11 09:25:10,Phishing,Critical,DDoS,Closed,Synthetic incident description #824
INC-1825,2025-05-21 09:33:49,DDoS,Medium,Phishing,Open,Synthetic incident description #825
INC-1826,2025-03-28 02:17:28,DDoS,Low,Malware,Open,Synthetic incident description #826
INC-1827,2025-01-28 00:22:15,Phishing,Low,Misconfiguration,Closed,Synthetic incident description #827
INC-1828,2025-03-29 11:04:11,Insider Threat,Medium,Malware,Resolved,Synthetic incident description #828
INC-1829,2025-07-10 12:28:38,Malware,Medium,Misconfiguration,Open,Synthetic incident description #829
INC-1830,2025-06-18 01:42:26,Misconfiguration,Critical,Misconfiguration,Resolved,Synthetic incident description #830
INC-1831,2024-12-25 04:29:09,Insider Threat,High,DDoS,Open,Synthetic incident description #831
INC-1832,2025-07-14 13:45:03,Misconfiguration,Critical,Insider Threat,Resolved,Synthetic incident description #832
INC-1833,2025-07-13 01:26:06,Malware,Critical,Misconfiguration,Resolved,Synthetic incident description #833
INC-1834,2025-07-23 07:59:42,Phishing,Low,Phishing,Open,Synthetic incident description #834
INC-1835,2025-03-12 01:33:43,Insider Threat,Critical,DDoS,Open,Synthetic incident description #835
INC-1836,2025-04-10 13:45:38,Misconfiguration,Low,Malware,In Progress,Synthetic incident description #836
INC-1837,2025-07-06 04:00:23,DDoS,Low,Insider Threat,Open,Synthetic incident description #837
INC-1838,2025-06-20 22:45:08,Misconfiguration,Medium,DDoS,In Progress,Synthetic incident description #838
INC-1839,2025-03-06 12:21:53,Insider Threat,Critical,DDoS,In Progress,Synthetic incident description #839
INC-1840,2025-02-20 11:35:45,Misconfiguration,Low,DDoS,Resolved,Synthetic incident description #840
INC-1841,2025-06-28 09:43:58,DDoS,Medium,Malware,Closed,Synthetic incident description #841
INC-1842,2025-12-13 04:26:20,Malware,Medium,Phishing,Open,Synthetic incident description #842
INC-1843,2025-01-04 12:16:31,Malware,Critical,Insider Threat,In Progress,Synthetic incident description #843
INC-1844,2025-02-26 04:31:51,Insider Threat,Low,Insider Threat,Open,Synthetic incident description #844
INC-1845,2024-12-30 01:04:30,Malware,Medium,Misconfiguration,In Progress,Synthetic incident description #845
INC-1846,2025-08-12 17:07:55,DDoS,Medium,DDoS,Closed,Synthetic incident description #846
INC-1847,2025-12-07 05:00:51,Misconfiguration,Critical,Malware,Closed,Synthetic incident description #847
INC-1848,2025-11-09 12:05:55,Malware,High,Insider Threat,In Progress,Synthetic incident description #848
INC-1849,2025-08-23 13:08:05,DDoS,Critical,DDoS,In Progress,Synthetic incident description #849
INC-1850,2025-05-29 19:21:04,Insider Threat,High,DDoS,Resolved,Synthetic incident description #850
INC-1851,2025-09-28 20:08:43,DDoS,High,Insider Threat,Resolved,Synthetic incident description #851
INC-1852,2025-07-16 20:07:04,Phishing,High,DDoS,In Progress,Synthetic incident description #852
INC-1853,2025-11-05 01:01:34,Insider Threat,Medium,Malware,In Progress,Synthetic incident description #853
INC-1854,2025-03-15 07:34:28,Insider Threat,Critical,Insider Threat,Resolved,Synthetic incident description #854
INC-1855,2025-09-16 01:46:00,Phishing,High,DDoS,Resolved,Synthetic incident description #855
INC-1856,2025-12-03 16:55:24,Malware,Critical,Malware,Open,Synthetic incident description #856
INC-1857,2025-10-14 21:44:00,Misconfiguration,High,Phishing,In Progress,Synthetic incident description #857
INC-1858,2025-08-22 22:44:31,Malware,Critical,Insider Threat,Closed,Synthetic incident description #858
INC-1859,2025-07-23 10:51:25,Insider Threat,Low,Insider Threat,In Progress,Synthetic incident description #859
INC-1860,2025-11-12 01:47:46,Misconfiguration,High,Malware,Open,Synthetic incident description #860
INC-1861,2025-04-19 09:15:31,Malware,Critical,Phishing,Open,Synthetic incident description #861
INC-1862,2025-06-30 16:07:43,Insider Threat,Critical,Insider Threat,Open,Synthetic incident description #862
INC-1863,2025-05-15 08:56:50,Misconfiguration,Critical,Misconfiguration,Closed,Synthetic incident description #863
INC-1864,2025-08-26 12:50:10,Misconfiguration,Medium,DDoS,Closed,Synthetic incident description #864
INC-1865,2025-02-02 10:11:38,Malware,High,Phishing,Closed,Synthetic incident description #865
INC-1866,2025-02-20 20:40:56,Phishing,Low,DDoS,Open,Synthetic incident description #866
INC-1867,2025-09-19 11:08:03,Phishing,High,DDoS,Resolved,Synthetic incident description #867
INC-1868,2025-05-08 02:28:32,Misconfiguration,Medium,Malware,Closed,Synthetic incident description #868
INC-1869,2025-02-01 14:22:38,DDoS,Critical,Insider Threat,Resolved,Synthetic incident description #869
INC-1870,2025-02-01 15:25:39,DDoS,Critical,Misconfiguration,In Progress,Synthetic incident description #870
INC-1871,2025-06-13 05:50:47,Malware,Medium,Misconfiguration,Closed,Synthetic incident description #871
INC-1872,2025-08-07 13:52:29,Insider Threat,High,Malware,In Progress,Synthetic incident description #872
INC-1873,2025-02-11 20:54:12,DDoS,High,Insider Threat,Open,Synthetic incident description #873
INC-1874,2025-06-21 08:19:41,Misconfiguration,Critical,Phishing,Closed,Synthetic incident description #874
INC-1875,2025-05-18 12:00:21,Insider Threat,Medium,Malware,In Progress,Synthetic incident description #875
INC-1876,2025-01-28 11:00:41,Phishing,Low,Insider Threat,In Progress,Synthetic incident description #876
INC-1877,2025-01-06 18:04:05,Phishing,Medium,Misconfiguration,Open,Synthetic incident description #877
INC-1878,2025-10-16 12:21:51,Insider Threat,High,Phishing,Resolved,Synthetic incident description #878
INC-1879,2025-05-05 08:30:29,Misconfiguration,High,DDoS,Closed,Synthetic incident description #879
INC-1880,2025-09-14 18:36:02,Malware,Low,DDoS,Closed,Synthetic incident description #880
INC-1881,2025-06-18 00:59:36,Misconfiguration,Critical,Misconfiguration,Resolved,Synthetic incident description #881
INC-1882,2025-07-25 00:15:01,DDoS,High,DDoS,Resolved,Synthetic incident description #882
INC-1883,2025-10-02 00:31:54,Malware,Critical,Malware,Resolved,Synthetic incident description #883
INC-1884,2024-12-20 05:36:16,Misconfiguration,High,Phishing,Open,Synthetic incident description #884
INC-1885,2025-02-17 13:04:14,Insider Threat,Low,Misconfiguration,Closed,Synthetic incident description #885
INC-1886,2025-04-25 08:49:50,Malware,Medium,Malware,Open,Synthetic incident description #886
INC-1887,2025-11-04 03:25:28,DDoS,High,DDoS,In Progress,Synthetic incident description #887
INC-1888,2024-12-16 03:42:25,Phishing,Medium,DDoS,In Progress,Synthetic incident description #888
INC-1889,2025-05-11 16:12:42,Insider Threat,High,Malware,Closed,Synthetic incident description #889
INC-1890,2025-10-31 12:36:24,Malware,Medium,Malware,Resolved,Synthetic incident description #890
INC-1891,2025-08-11 22:33:47,DDoS,Low,Malware,In Progress,Synthetic incident description #891
INC-1892,2025-10-14 05:32:27,DDoS,High,Malware,In Progress,Synthetic incident description #892
INC-1893,2025-07-10 08:45:38,Insider Threat,High,DDoS,Resolved,Synthetic incident description #893
INC-1894,2025-01-28 22:06:45,Phishing,Medium,Insider Threat,Open,Synthetic incident description #894
INC-1895,2025-06-22 04:12:41,Phishing,Critical,DDoS,Closed,Synthetic incident description #895
INC-1896,2025-10-25 18:02:04,Malware,High,Phishing,Open,Synthetic incident description #896
INC-1897,2025-07-09 20:12:11,Misconfiguration,High,Insider Threat,Closed,Synthetic incident description #897
INC-1898,2025-06-07 10:58:29,Misconfiguration,Low,Malware,Resolved,Synthetic incident description #898
INC-1899,2025-04-23 18:34:54,Malware,High,Misconfiguration,Resolved,Synthetic incident description #899
INC-1900,2025-03-17 19:38:06,Phishing,Low,Malware,Closed,Synthetic incident description #900
INC-1901,2025-02-16 20:45:50,Insider Threat,High,Malware,Open,Synthetic incident description #901
INC-1902,2025-06-05 00:52:12,Insider Threat,High,Phishing,Open,Synthetic incident description #902
INC-1903,2025-10-04 06:52:06,Misconfiguration,Medium,Insider Threat,Resolved,Synthetic incident description #903
INC-1904,2025-04-19 09:36:01,Misconfiguration,Low,Insider Threat,Resolved,Synthetic incident description #904
INC-1905,2025-03-05 11:40:21,Misconfiguration,Low,Phishing,Resolved,Synthetic incident description #905
INC-1906,2025-07-16 19:43:20,DDoS,Critical,Insider Threat,Resolved,Synthetic incident description #906
INC-1907,2025-10-29 21:17:02,DDoS,Critical,Phishing,Open,Synthetic incident description #907
INC-1908,2025-11-05 01:08:05,DDoS,Critical,Malware,In Progress,Synthetic incident description #908
INC-1909,2025-11-19 03:57:32,Phishing,High,Malware,Open,Synthetic incident description #909
INC-1910,2025-01-06 10:09:38,DDoS,Low,Insider Threat,Closed,Synthetic incident description #910
INC-1911,2025-04-20 02:38:25,Phishing,High,Phishing,Resolved,Synthetic incident description #911
INC-1912,2025-02-16 13:49:47,DDoS,High,Malware,Open,Synthetic incident description #912
INC-1913,2025-05-23 20:18:27,Insider Threat,Critical,Phishing,Resolved,Synthetic incident description #913
INC-1914,2025-04-26 11:32:40,Phishing,High,Phishing,In Progress,Synthetic incident description #914
INC-1915,2025-07-08 22:24:26,Malware,Medium,Misconfiguration,Open,Synthetic incident description #915
INC-1916,2025-11-27 22:39:04,DDoS,High,Insider Threat,In Progress,Synthetic incident description #916
INC-1917,2025-05-17 14:55:32,Phishing,Medium,Malware,Resolved,Synthetic incident description #917
INC-1918,2025-03-15 08:47:55,Insider Threat,Medium,Insider Threat,Resolved,Synthetic incident description #918
INC-1919,2025-10-19 05:16:40,Insider Threat,Low,Malware,In Progress,Synthetic incident description #919
INC-1920,2025-02-17 09:22:33,Misconfiguration,Low,Insider Threat,Open,Synthetic incident description #920
INC-1921,2025-05-05 10:44:55,Malware,Medium,Malware,Resolved,Synthetic incident description #921
INC-1922,2025-01-25 13:21:47,Insider Threat,High,Misconfiguration,Closed,Synthetic incident description #922
INC-1923,2025-10-12 11:05:46,Malware,Medium,Insider Threat,Open,Synthetic incident description #923
INC-1924,2025-11-10 11:02:17,Misconfiguration,Medium,Phishing,In Progress,Synthetic incident description #924
INC-1925,2025-02-01 09:28:51,Insider Threat,Critical,Misconfiguration,Open,Synthetic incident description #925
INC-1926,2025-10-06 19:56:11,Insider Threat,Medium,Phishing,In Progress,Synthetic incident description #926
INC-1927,2025-07-11 09:24:35,Misconfiguration,Critical,DDoS,In Progress,Synthetic incident description #927
INC-1928,2025-02-16 05:02:30,DDoS,High,Misconfiguration,Resolved,Synthetic incident description #928
INC-1929,2025-08-10 19:46:35,Malware,Low,Phishing,Closed,Synthetic incident description #929
INC-1930,2025-10-05 03:46:53,Malware,High,Misconfiguration,Resolved,Synthetic incident description #930
INC-1931,2025-02-23 06:55:19,Misconfiguration,High,DDoS,Closed,Synthetic incident description #931
INC-1932,2025-09-01 12:43:59,Misconfiguration,Critical,Malware,Closed,Synthetic incident description #932
INC-1933,2025-07-19 17:14:18,Phishing,High,Insider Threat,Open,Synthetic incident description #933
INC-1934,2025-09-18 05:08:08,Malware,Critical,Malware,In Progress,Synthetic incident description #934
INC-1935,2025-03-16 19:06:26,DDoS,High,Insider Threat,Open,Synthetic incident description #935
INC-1936,2025-07-03 09:49:20,Phishing,Medium,DDoS,Resolved,Synthetic incident description #936
INC-1937,2025-08-09 01:53:46,Insider Threat,Low,DDoS,Resolved,Synthetic incident description #937
INC-1938,2025-11-19 22:21:11,Misconfiguration,High,Phishing,Open,Synthetic incident description #938
INC-1939,2025-02-21 05:32:02,Malware,High,Insider Threat,Open,Synthetic incident description #939
INC-1940,2025-07-08 08:11:00,Misconfiguration,Critical,Phishing,Open,Synthetic incident description #940
INC-1941,2024-12-23 23:16:49,Insider Threat,Critical,DDoS,Closed,Synthetic incident description #941
INC-1942,2025-06-15 00:23:01,Phishing,Low,Insider Threat,Open,Synthetic incident description #942
INC-1943,2025-02-07 22:53:31,Phishing,High,Malware,Open,Synthetic incident description #943
INC-1944,2025-03-14 21:25:58,DDoS,Medium,Malware,Closed,Synthetic incident description #944
INC-1945,2025-06-28 07:01:34,Phishing,High,Insider Threat,Resolved,Synthetic incident description #945
INC-1946,2025-07-16 22:20:28,Malware,Low,Insider Threat,Open,Synthetic incident description #946
INC-1947,2025-06-11 14:50:10,Malware,Critical,Insider Threat,Resolved,Synthetic incident description #947
INC-1948,2025-04-07 14:54:44,Insider Threat,High,Insider Threat,In Progress,Synthetic incident description #948
INC-1949,2025-01-17 00:29:34,Phishing,High,DDoS,In Progress,Synthetic incident description #949
INC-1950,2025-11-14 01:19:51,Insider Threat,Low,Misconfiguration,Open,Synthetic incident description #950
INC-1951,2025-12-07 10:04:40,Malware,Critical,Phishing,Open,Synthetic incident description #951
INC-1952,2025-08-04 16:29:00,Malware,Low,Insider Threat,Open,Synthetic incident description #952
INC-1953,2025-01-18 01:14:06,Malware,Critical,DDoS,In Progress,Synthetic incident description #953
INC-1954,2025-10-20 10:38:12,Insider Threat,Critical,DDoS,Resolved,Synthetic incident description #954
INC-1955,2025-09-05 11:25:07,DDoS,Low,Phishing,Resolved,Synthetic incident description #955
INC-1956,2025-07-06 19:32:37,Phishing,Critical,Misconfiguration,Resolved,Synthetic incident description #956
INC-1957,2025-07-02 07:05:22,Malware,Critical,Misconfiguration,Open,Synthetic incident description #957
INC-1958,2024-12-30 14:18:53,Phishing,Low,Malware,Closed,Synthetic incident description #958
INC-1959,2025-10-15 20:20:23,Insider Threat,Critical,Misconfiguration,Open,Synthetic incident description #959
INC-1960,2025-01-25 22:43:36,Phishing,Low,Malware,Resolved,Synthetic incident description #960
INC-1961,2025-04-18 23:40:44,Misconfiguration,Critical,Phishing,Closed,Synthetic incident description #961
INC-1962,2025-07-11 00:21:25,Malware,Low,Phishing,Closed,Synthetic incident description #962
INC-1963,2025-10-13 17:11:52,Phishing,Critical,Misconfiguration,Resolved,Synthetic incident description #963
INC-1964,2025-08-29 19:22:29,Malware,Medium,Malware,Closed,Synthetic incident description #964
INC-1965,2025-11-02 21:09:15,Insider Threat,Medium,Phishing,In Progress,Synthetic incident description #965
INC-1966,2025-10-26 20:39:42,Misconfiguration,Low,Phishing,In Progress,Synthetic incident description #966
INC-1967,2024-12-16 19:38:10,Malware,High,Malware,Closed,Synthetic incident description #967
INC-1968,2025-07-01 06:38:55,DDoS,Critical,Phishing,Open,Synthetic incident description #968
INC-1969,2025-12-03 11:09:05,Misconfiguration,Medium,DDoS,In Progress,Synthetic incident description #969
INC-1970,2025-04-06 09:30:51,Insider Threat,Low,DDoS,Resolved,Synthetic incident description #970
INC-1971,2024-12-30 10:17:06,DDoS,High,Malware,Closed,Synthetic incident description #971
INC-1972,2025-01-03 16:49:59,Misconfiguration,Low,Insider Threat,Closed,Synthetic incident description #972
INC-1973,2025-09-26 10:10:18,DDoS,Critical,Misconfiguration,Closed,Synthetic incident description #973
INC-1974,2025-12-06 03:30:56,Phishing,Critical,Insider Threat,In Progress,Synthetic incident description #974
INC-1975,2025-06-08 05:33:44,Malware,Critical,DDoS,Resolved,Synthetic incident description #975
INC-1976,2025-02-04 01:51:19,DDoS,High,Misconfiguration,Resolved,Synthetic incident description #976
INC-1977,2025-04-01 10:02:46,DDoS,Critical,DDoS,Resolved,Synthetic incident description #977
INC-1978,2025-08-28 23:24:03,Phishing,Low,Malware,Resolved,Synthetic incident description #978
INC-1979,2025-06-24 07:25:59,Misconfiguration,Critical,DDoS,Closed,Synthetic incident description #979
INC-1980,2025-09-26 00:53:39,DDoS,Low,Malware,Open,Synthetic incident description #980
INC-1981,2025-02-26 10:31:02,Misconfiguration,Medium,DDoS,In Progress,Synthetic incident description #981
INC-1982,2025-11-27 07:37:03,DDoS,High,DDoS,In Progress,Synthetic incident description #982
INC-1983,2025-03-31 00:01:24,Insider Threat,Medium,Phishing,In Progress,Synthetic incident description #983
INC-1984,2025-06-26 03:34:41,Malware,Medium,Insider Threat,Resolved,Synthetic incident description #984
INC-1985,2025-02-19 01:07:05,Malware,Low,Insider Threat,Resolved,Synthetic incident description #985
INC-1986,2025-07-21 18:04:39,Misconfiguration,Low,Phishing,Open,Synthetic incident description #986
INC-1987,2025-06-16 21:24:36,Malware,Critical,Phishing,Resolved,Synthetic incident description #987
INC-1988,2025-07-14 19:24:52,Insider Threat,Low,Misconfiguration,Closed,Synthetic incident description #988
INC-1989,2024-12-23 19:02:12,Malware,Critical,DDoS,Open,Synthetic incident description #989
INC-1990,2024-12-15 09:10:53,Phishing,Critical,Insider Threat,Closed,Synthetic incident description #990
INC-1991,2025-01-26 08:16:35,Insider Threat,High,Misconfiguration,In Progress,Synthetic incident description #991
INC-1992,2025-04-20 12:55:22,Malware,Low,DDoS,In Progress,Synthetic incident description #992
INC-1993,2025-09-21 09:20:19,Insider Threat,Medium,Phishing,In Progress,Synthetic incident description #993
INC-1994,2025-01-15 21:53:15,Malware,High,Malware,Open,Synthetic incident description #994
INC-1995,2025-02-10 06:12:57,DDoS,Critical,Phishing,Resolved,Synthetic incident description #995
INC-1996,2025-11-27 04:51:35,Insider Threat,High,DDoS,In Progress,Synthetic incident description #996
INC-1997,2024-12-18 08:55:08,Malware,Critical,Misconfiguration,Resolved,Synthetic incident description #997
INC-1998,2025-03-24 03:55:43,Misconfiguration,Medium,DDoS,Closed,Synthetic incident description #998
INC-1999,2025-05-19 04:31:46,DDoS,Medium,Malware,Resolved,Synthetic incident description #999
